(S) Susceptiveis, (E) Expostos, (I) Infectados, (R) Recuperados, (D_E) Expostos detectados, (D_I) Infectados detectados, (M) Mortes
2511591,46,397,26,0,0,8
2511531,93,379,57,0,0,8
2511473,129,371,87,0,0,8
2511416,159,369,117,0,0,8
2511358,183,372,147,0,0,8
2511300,204,379,177,0,0,8
2511241,222,389,208,0,0,8
2511180,239,401,239,0,0,8
2511117,255,416,272,0,0,8
2511051,270,432,306,0,0,8
2510983,285,450,341,0,0,8
2510912,300,469,378,0,0,8
2510838,315,490,417,0,0,8
2510761,331,512,457,0,0,8
2510681,346,535,498,0,0,8
2510596,363,559,542,0,0,8
2510508,380,584,588,0,0,8
2510416,398,611,635,0,0,8
2510320,416,639,685,0,0,8
2510220,435,668,737,0,0,8
2510115,455,698,791,0,0,8
2510005,477,730,848,0,0,8
2509890,499,764,908,0,0,8
2509770,521,799,970,0,0,8
2509644,545,836,1035,0,0,8
2509513,571,874,1103,0,0,8
2509375,597,914,1174,0,0,8
2509232,624,956,1248,0,0,8
2509082,653,1000,1326,0,0,8
2508925,682,1046,1407,0,0,8
2508760,714,1094,1492,0,0,8
2508589,747,1144,1581,0,0,8
2508409,781,1196,1674,0,0,8
2508221,817,1251,1771,0,0,8
2508025,855,1308,1872,0,0,8
2507820,894,1368,1979,0,0,8
2507605,935,1431,2089,0,0,8
2507381,977,1497,2205,0,0,8
2507146,1022,1566,2327,0,0,8
2506901,1068,1638,2454,0,0,8
2506644,1117,1713,2586,0,0,8
2506376,1167,1791,2725,0,0,8
2506096,1221,1873,2870,0,0,8
2505802,1277,1959,3022,0,0,8
2505495,1336,2048,3181,0,0,8
2505174,1398,2141,3347,0,0,8
2504839,1463,2238,3520,0,0,8
2504488,1530,2340,3702,0,0,8
2504121,1600,2447,3891,0,0,8
2503738,1672,2560,4089,0,0,8
2503338,1748,2678,4296,0,0,8
2502920,1826,2801,4513,0,0,8
2502483,1908,2930,4739,0,0,8
2502026,1994,3065,4976,0,0,8
2501547,2084,3205,5223,0,0,8
2501047,2179,3352,5482,0,0,8
2500524,2279,3503,5754,0,0,8
2499976,2385,3661,6037,0,0,8
2499404,2495,3827,6334,0,0,8
2498806,2610,4000,6643,0,0,8
2498182,2729,4182,6967,0,0,8
2497530,2852,4373,7305,0,0,8
2496848,2980,4573,7659,0,0,8
2496136,3113,4783,8028,0,0,8
2495392,3251,5003,8414,0,0,8
2494615,3396,5231,8818,0,0,8
2493801,3550,5469,9240,0,0,8
2492950,3712,5716,9682,0,0,8
2492060,3883,5973,10144,0,0,8
2491130,4062,6241,10627,0,0,8
2490159,4247,6521,11132,0,0,8
2489145,4439,6816,11660,0,0,8
2488086,4638,7125,12211,0,0,8
2486981,4844,7449,12786,0,0,8
2485826,5058,7789,13387,0,0,8
2484620,5280,8144,14015,0,0,8
2483360,5514,8514,14672,0,0,8
2482043,5759,8899,15359,0,0,8
2480666,6019,9297,16077,0,0,8
2479227,6294,9711,16829,0,0,8
2477724,6580,10142,17614,0,0,8
2476155,6878,10593,18434,0,0,8
2474517,7185,11067,19290,0,0,8
2472809,7503,11563,20184,0,0,8
2471027,7831,12084,21118,0,0,8
2469167,8171,12629,22092,0,0,8
2467227,8524,13199,23110,0,0,8
2465201,8893,13792,24174,0,0,8
2463085,9281,14409,25285,0,0,8
2460875,9691,15047,26447,0,0,8
2458566,10125,15706,27662,0,0,8
2456157,10579,16393,28932,0,0,8
2453645,11049,17110,30257,0,0,8
2451026,11535,17861,31639,0,0,8
2448296,12034,18648,33081,0,0,8
2445453,12548,19473,34586,0,0,8
2442490,13079,20336,36155,0,0,8
2439402,13628,21238,37793,0,0,8
2436182,14200,22176,39502,0,0,8
2432825,14799,23148,41287,0,0,8
2429323,15432,24152,43152,0,0,8
2425670,16102,25187,45100,0,0,8
2421863,16802,26262,47134,0,0,8
2417899,17525,27381,49254,0,0,8
2413774,18270,28551,51465,0,0,8
2409484,19033,29776,53768,0,0,8
2405021,19815,31056,56167,0,0,8
2400381,20619,32393,58668,0,0,8
2395554,21448,33785,61273,0,0,8
2390532,22309,35230,63990,0,0,8
2385307,23209,36722,66823,0,0,8
2379867,24158,38257,69778,0,0,8
2374207,25156,39836,72861,0,0,8
2368325,26191,41471,76072,0,0,8
2362216,27256,43172,79416,0,0,8
2355876,28344,44944,82895,0,0,8
2349300,29454,46792,86514,0,0,8
2342479,30587,48716,90278,0,0,8
2335405,31746,50715,94193,0,0,8
2328070,32938,52786,98266,0,0,8
2320462,34171,54923,102504,0,0,8
2312569,35459,57116,106915,0,0,8
2304382,36812,59359,111507,0,0,8
2295897,38215,61665,116283,0,0,8
2287115,39652,64047,121246,0,0,8
2278032,41115,66515,126398,0,0,8
2268644,42597,69074,131745,0,0,8
2258945,44095,71728,137292,0,0,8
2248928,45612,74473,143046,0,0,8
2238585,47155,77304,149015,0,0,8
2227905,48735,80212,155208,0,0,8
2216877,50367,83183,161633,0,0,8
2205490,52067,86200,168302,0,0,8
2193742,53826,89272,175219,0,0,8
2181640,55618,92418,182384,0,0,8
2169184,57424,95653,189799,0,0,8
2156378,59231,98983,197468,0,0,8
2143219,61033,102413,205396,0,0,8
2129705,62830,105936,213588,0,0,8
2115832,64630,109545,222053,0,0,8
2101594,66445,113222,230799,0,0,8
2086983,68294,116946,239837,0,0,8
2071990,70202,120690,249177,0,0,8
2056620,72162,124455,258824,0,0,8
2040887,74133,128266,268774,0,0,8
2024804,76089,132142,279025,0,0,8
2008383,78009,136091,289577,0,0,8
1991630,79884,140114,300432,0,0,8
1974551,81712,144204,311593,0,0,8
1957150,83499,148346,323065,0,0,8
1939429,85262,152514,334854,0,0,8
1921386,87026,156677,346971,0,0,8
1903019,88822,160796,359424,0,0,8
1884344,90633,164872,372211,0,0,8
1865390,92412,168938,385321,0,0,8
1846179,94126,173009,398747,0,0,8
1826731,95753,177094,412482,0,0,8
1807063,97284,181189,426524,0,0,8
1787191,98717,185282,440870,0,0,8
1767126,100063,189351,455520,0,0,8
1746878,101341,193365,470476,0,0,8
1726452,102582,197282,485743,0,0,8
1705857,103820,201059,501324,0,0,8
1685124,105014,204718,517204,0,0,8
1664286,106122,208286,533366,0,0,8
1643372,107117,211777,549795,0,0,8
1622407,107981,215194,566478,0,0,8
1601413,108710,218532,583405,0,0,8
1580409,109306,221775,600569,0,0,8
1559411,109787,224899,617963,0,0,8
1538432,110177,227868,635583,0,0,8
1517480,110512,230640,653427,0,0,8
1496571,110811,233189,671489,0,0,8
1475743,111024,235553,689741,0,0,8
1455024,111123,237752,708161,0,0,8
1434439,111092,239797,726732,0,0,8
1414010,110924,241692,745434,0,0,8
1393756,110618,243433,764253,0,0,8
1373694,110185,245005,783176,0,0,8
1353834,109644,246391,802192,0,0,8
1334187,109021,247560,821292,0,0,8
1314758,108353,248478,840470,0,0,8
1295565,107640,249146,859709,0,0,8
1276632,106845,249601,878981,0,0,8
1257979,105956,249861,898264,0,0,8
1239619,104967,249936,917538,0,0,8
1221567,103875,249833,936785,0,0,8
1203831,102686,249553,955989,0,0,8
1186420,101410,249094,975136,0,0,8
1169340,100061,248446,994213,0,0,8
1152592,98662,247596,1013210,0,0,8
1136178,97238,246525,1032119,0,0,8
1120102,95798,245235,1050926,0,0,8
1104378,94313,243763,1069606,0,0,8
1089012,92783,242122,1088143,0,0,8
1074006,91208,240324,1106522,0,0,8
1059364,89589,238377,1124730,0,0,8
1045087,87932,236288,1142753,0,0,8
1031176,86240,234063,1160580,0,0,8
1017630,84522,231707,1178202,0,0,8
1004446,82786,229221,1195607,0,0,8
991621,81042,226607,1212790,0,0,8
979152,79303,223862,1229743,0,0,8
967038,77563,221005,1246454,0,0,8
955283,75798,218075,1262905,0,0,8
943879,74023,215065,1279092,0,0,8
932821,72255,211969,1295015,0,0,8
922100,70506,208783,1310671,0,0,8
911710,68786,205509,1326055,0,0,8
901647,67099,202149,1341165,0,0,8
891904,65449,198711,1355996,0,0,8
882477,63834,195207,1370542,0,0,8
873362,62251,191648,1384799,0,0,8
864554,60691,188054,1398761,0,0,8
856052,59145,184444,1412420,0,0,8
847852,57597,180842,1425769,0,0,8
839953,56030,177276,1438801,0,0,8
832345,54452,173745,1451518,0,0,8
825015,52899,170215,1463931,0,0,8
817954,51381,166679,1476046,0,0,8
811153,49908,163134,1487865,0,0,8
804606,48482,159581,1499391,0,0,8
798306,47102,156026,1510626,0,0,8
792247,45767,152478,1521569,0,0,8
786426,44467,148948,1532219,0,0,8
780838,43192,145455,1542576,0,0,8
775480,41926,142019,1552635,0,0,8
770347,40670,138642,1562401,0,0,8
765428,39442,135307,1571883,0,0,8
760715,38249,132009,1581088,0,0,8
756202,37093,128745,1590020,0,0,8
751883,35978,125516,1598684,0,0,8
747752,34901,122323,1607084,0,0,8
743803,33860,119172,1615224,0,0,8
740034,32851,116069,1623106,0,0,8
736439,31866,113024,1630731,0,0,8
733015,30897,110046,1638102,0,0,8
729758,29941,107139,1645222,0,0,8
726660,29009,104292,1652100,0,0,8
723715,28105,101499,1658742,0,0,8
720918,27232,98755,1665155,0,0,8
718263,26392,96059,1671345,0,0,8
715747,25585,93411,1677317,0,0,8
713364,24810,90811,1683074,0,0,8
711111,24064,88264,1688621,0,0,8
708986,23340,85773,1693962,0,0,8
706984,22633,83345,1699097,0,0,8
705105,21936,80989,1704030,0,0,8
703343,21248,78703,1708766,0,0,8
701693,20579,76475,1713313,0,0,8
700151,19932,74301,1717677,0,0,8
698713,19308,72176,1721863,0,0,8
697374,18710,70098,1725878,0,0,8
696133,18136,68066,1729725,0,0,8
694984,17586,66081,1733409,0,0,8
693927,17057,64143,1736933,0,0,8
692959,16546,62254,1740301,0,0,8
692077,16048,60419,1743516,0,0,8
691279,15559,58643,1746579,0,0,8
690564,15076,56926,1749494,0,0,8
689927,14605,55259,1752268,0,0,8
689366,14150,53639,1754906,0,0,8
688876,13711,52061,1757412,0,0,8
688457,13289,50524,1759791,0,0,8
688104,12884,49026,1762046,0,0,8
687817,12495,47566,1764181,0,0,8
687593,12122,46145,1766200,0,0,8
687430,11763,44763,1768105,0,0,8
687327,11414,43421,1769898,0,0,8
687283,11074,42121,1771582,0,0,8
687295,10739,40867,1773160,0,0,8
687362,10410,39653,1774634,0,0,8
687481,10092,38477,1776010,0,0,8
687651,9784,37334,1777291,0,0,8
687869,9488,36224,1778480,0,0,8
688134,9203,35144,1779579,0,0,8
688444,8928,34095,1780593,0,0,8
688798,8665,33074,1781523,0,0,8
689194,8412,32083,1782371,0,0,8
689632,8167,31120,1783141,0,0,8
690109,7930,30187,1783834,0,0,8
690626,7699,29284,1784451,0,0,8
691180,7472,28412,1784996,0,0,8
691772,7250,27570,1785469,0,0,8
692398,7034,26754,1785875,0,0,8
693058,6825,25962,1786215,0,0,8
693751,6623,25194,1786492,0,0,8
694475,6429,24449,1786707,0,0,8
695229,6242,23725,1786864,0,0,8
696013,6062,23021,1786964,0,0,8
696825,5889,22339,1787007,0,0,8
697665,5722,21676,1786997,0,0,8
698531,5560,21033,1786935,0,0,8
699424,5404,20410,1786822,0,0,8
700342,5251,19808,1786660,0,0,8
701284,5100,19227,1786449,0,0,8
702250,4953,18665,1786191,0,0,8
703239,4811,18121,1785889,0,0,8
704250,4673,17594,1785544,0,0,8
705281,4539,17082,1785157,0,0,8
706334,4410,16586,1784730,0,0,8
707405,4285,16104,1784265,0,0,8
708496,4166,15637,1783761,0,0,8
709606,4050,15183,1783222,0,0,8
710733,3938,14742,1782647,0,0,8
711877,3831,14315,1782037,0,0,8
713038,3727,13900,1781395,0,0,8
714216,3625,13499,1780721,0,0,8
715409,3526,13110,1780015,0,0,8
716617,3430,12735,1779278,0,0,8
717841,3335,12372,1778513,0,0,8
719078,3242,12021,1777719,0,0,8
720330,3152,11681,1776897,0,0,8
721594,3065,11350,1776050,0,0,8
722871,2981,11030,1775177,0,0,8
724161,2900,10719,1774280,0,0,8
725462,2822,10418,1773359,0,0,8
726775,2746,10124,1772415,0,0,8
728099,2673,9840,1771448,0,0,8
729433,2603,9564,1770460,0,0,8
730778,2535,9295,1769452,0,0,8
732133,2468,9035,1768423,0,0,8
733498,2404,8783,1767375,0,0,8
734872,2342,8538,1766308,0,0,8
736256,2281,8302,1765222,0,0,8
737648,2221,8073,1764118,0,0,8
739049,2162,7852,1762997,0,0,8
740458,2104,7638,1761860,0,0,8
741875,2048,7431,1760706,0,0,8
743299,1994,7229,1759537,0,0,8
744731,1942,7034,1758353,0,0,8
746170,1891,6844,1757155,0,0,8
747616,1842,6659,1755943,0,0,8
749068,1795,6479,1754718,0,0,8
750526,1750,6304,1753480,0,0,8
751991,1706,6135,1752229,0,0,8
753461,1664,5969,1750966,0,0,8
754937,1623,5809,1749691,0,0,8
756419,1583,5653,1748405,0,0,8
757905,1545,5502,1747108,0,0,8
759397,1507,5355,1745801,0,0,8
760894,1470,5213,1744482,0,0,8
762396,1433,5076,1743154,0,0,8
763903,1397,4944,1741816,0,0,8
765414,1362,4816,1740469,0,0,8
766929,1327,4692,1739112,0,0,8
768448,1294,4571,1737747,0,0,8
769971,1261,4453,1736374,0,0,8
771498,1230,4338,1734993,0,0,8
773028,1200,4227,1733605,0,0,8
774562,1172,4118,1732209,0,0,8
776099,1144,4012,1730805,0,0,8
777639,1117,3909,1729395,0,0,8
779182,1091,3809,1727978,0,0,8
780728,1065,3712,1726555,0,0,8
782277,1040,3618,1725125,0,0,8
783829,1015,3527,1723689,0,0,8
785383,991,3439,1722247,0,0,8
786940,967,3353,1720800,0,0,8
788499,944,3270,1719347,0,0,8
790061,921,3189,1717889,0,0,8
791624,900,3110,1716426,0,0,8
793190,879,3034,1714958,0,0,8
794757,859,2959,1713486,0,0,8
796326,839,2886,1712009,0,0,8
797897,820,2815,1710528,0,0,8
799470,801,2746,1709043,0,0,8
801044,783,2679,1707553,0,0,8
802620,765,2614,1706060,0,0,8
804197,748,2552,1704564,0,0,8
805776,731,2490,1703063,0,0,8
807356,714,2430,1701560,0,0,8
808937,698,2372,1700053,0,0,8
810519,683,2316,1698543,0,0,8
812102,668,2261,1697030,0,0,8
813686,653,2207,1695514,0,0,8
815271,638,2156,1693995,0,0,8
816857,624,2105,1692474,0,0,8
818444,610,2056,1690950,0,0,8
820031,597,2008,1689424,0,0,8
821619,583,1962,1687895,0,0,8
823208,571,1916,1686365,0,0,8
824798,558,1872,1684832,0,0,8
826387,546,1829,1683297,0,0,8
827978,534,1788,1681761,0,0,8
829568,523,1747,1680222,0,0,8
831159,512,1707,1678682,0,0,8
832750,501,1668,1677141,0,0,8
834342,491,1630,1675598,0,0,8
835934,481,1593,1674053,0,0,8
837525,470,1557,1672507,0,0,8
839118,460,1523,1670959,0,0,8
840710,451,1489,1669411,0,0,8
842302,441,1456,1667861,0,0,8
843894,432,1424,1666310,0,0,8
845486,423,1393,1664758,0,0,8
847078,414,1362,1663205,0,0,8
848670,406,1332,1661652,0,0,8
850262,398,1303,1660097,0,0,8
851854,390,1275,1658542,0,0,8
853445,382,1247,1656986,0,0,8
855036,374,1220,1655430,0,0,8
856627,367,1194,1653872,0,0,8
858217,359,1169,1652315,0,0,8
859808,352,1144,1650756,0,0,8
861398,345,1120,1649198,0,0,8
862987,338,1096,1647639,0,0,8
864576,331,1073,1646079,0,0,8
866165,325,1051,1644520,0,0,8
867753,318,1029,1642960,0,0,8
869340,312,1007,1641400,0,0,8
870927,307,986,1639840,0,0,8
872514,301,965,1638280,0,0,8
874100,295,945,1636720,0,0,8
875685,289,926,1635159,0,0,8
877270,284,907,1633599,0,0,8
878854,278,889,1632038,0,0,8
880438,273,871,1630478,0,0,8
882021,267,854,1628918,0,0,8
883603,262,837,1627358,0,0,8
885184,257,820,1625798,0,0,8
886765,252,804,1624239,0,0,8
888345,248,788,1622680,0,0,8
889924,244,772,1621121,0,0,8
891502,239,756,1619562,0,0,8
893079,235,741,1618004,0,0,8
894656,231,727,1616446,0,0,8
896232,227,713,1614889,0,0,8
897807,222,699,1613332,0,0,8
899381,218,686,1611775,0,0,8
900954,214,673,1610219,0,0,8
902527,210,660,1608663,0,0,8
904098,206,648,1607108,0,0,8
905669,202,635,1605553,0,0,8
907238,199,623,1603999,0,0,8
908807,196,611,1602446,0,0,8
910375,192,600,1600893,0,0,8
911941,189,588,1599341,0,0,8
913507,186,577,1597790,0,0,8
915072,183,567,1596239,0,0,8
916635,179,556,1594689,0,0,8
918198,176,546,1593139,0,0,8
919760,173,536,1591591,0,0,8
921320,170,527,1590043,0,0,8
922880,167,517,1588496,0,0,8
924438,164,508,1586949,0,0,8
925996,162,499,1585404,0,0,8
927552,159,489,1583859,0,0,8
929107,157,481,1582315,0,0,8
930662,154,472,1580772,0,0,8
932215,152,464,1579230,0,0,8
933767,149,456,1577689,0,0,8
935318,146,448,1576148,0,0,8
936867,144,440,1574609,0,0,8
938416,142,432,1573070,0,0,8
939963,139,425,1571532,0,0,8
941510,137,418,1569996,0,0,8
943055,135,410,1568460,0,0,8
944599,133,403,1566925,0,0,8
946141,131,396,1565391,0,0,8
947683,129,390,1563858,0,0,8
949224,127,383,1562327,0,0,8
950763,125,377,1560796,0,0,8
952301,123,370,1559266,0,0,8
953838,121,364,1557737,0,0,8
955373,119,358,1556209,0,0,8
956908,117,353,1554682,0,0,8
958441,115,347,1553157,0,0,8
959973,114,341,1551632,0,0,8
961504,112,335,1550109,0,0,8
963033,110,330,1548586,0,0,8
964562,109,325,1547065,0,0,8
966089,107,319,1545545,0,0,8
967615,106,314,1544025,0,0,8
969139,104,309,1542507,0,0,8
970663,102,304,1540990,0,0,8
972185,101,300,1539475,0,0,8
973706,99,295,1537960,0,0,8
975225,98,291,1536446,0,0,8
976744,96,286,1534934,0,0,8
978261,95,282,1533423,0,0,8
979776,94,277,1531913,0,0,8
981291,92,273,1530404,0,0,8
982804,91,269,1528896,0,0,8
984316,90,265,1527389,0,0,8
985827,89,261,1525884,0,0,8
987336,87,257,1524380,0,0,8
988844,86,253,1522877,0,0,8
990351,85,249,1521375,0,0,8
991856,84,246,1519874,0,0,8
993360,83,242,1518375,0,0,8
994863,81,239,1516877,0,0,8
996365,80,235,1515380,0,0,8
997865,79,232,1513884,0,0,8
999364,78,228,1512389,0,0,8
1000862,77,225,1510896,0,0,8
1002358,76,222,1509404,0,0,8
1003853,75,218,1507913,0,0,8
1005347,74,215,1506424,0,0,8
1006839,73,212,1504935,0,0,8
1008330,72,209,1503448,0,0,8
1009820,71,207,1501962,0,0,8
1011308,70,204,1500478,0,0,8
1012795,69,201,1498994,0,0,8
1014281,69,198,1497512,0,0,8
1015765,68,196,1496031,0,0,8
1017249,67,193,1494552,0,0,8
1018730,66,190,1493073,0,0,8
1020211,65,188,1491596,0,0,8
1021690,65,185,1490121,0,0,8
1023168,64,183,1488646,0,0,8
1024644,63,180,1487173,0,0,8
1026119,62,178,1485701,0,0,8
1027593,61,176,1484230,0,0,8
1029065,61,173,1482761,0,0,8
1030536,60,171,1481293,0,0,8
1032006,59,169,1479826,0,0,8
1033474,58,167,1478360,0,0,8
1034941,58,165,1476896,0,0,8
1036407,57,162,1475433,0,0,8
1037871,57,160,1473972,0,0,8
1039334,56,158,1472511,0,0,8
1040796,55,156,1471052,0,0,8
1042256,55,155,1469595,0,0,8
1043715,54,153,1468138,0,0,8
1045173,53,151,1466683,0,0,8
1046629,53,149,1465229,0,0,8
1048084,52,147,1463777,0,0,8
1049538,52,145,1462325,0,0,8
1050990,51,144,1460876,0,0,8
1052441,50,142,1459427,0,0,8
1053890,50,140,1457980,0,0,8
1055338,49,139,1456534,0,0,8
1056785,49,137,1455089,0,0,8
1058231,48,135,1453646,0,0,8
1059675,48,134,1452204,0,0,8
1061117,47,132,1450763,0,0,8
1062559,47,131,1449324,0,0,8
1063999,46,129,1447886,0,0,8
1065438,46,128,1446449,0,0,8
1066875,45,126,1445013,0,0,8
1068311,45,125,1443579,0,0,8
1069745,44,124,1442146,0,0,8
1071179,44,122,1440715,0,0,8
1072611,44,121,1439285,0,0,8
1074041,43,120,1437856,0,0,8
1075470,43,118,1436429,0,0,8
1076898,42,117,1435002,0,0,8
1078325,42,116,1433578,0,0,8
1079750,41,115,1432154,0,0,8
1081174,41,113,1430732,0,0,8
1082596,41,112,1429311,0,0,8
1084017,40,111,1427891,0,0,8
1085437,40,110,1426473,0,0,8
1086856,39,109,1425056,0,0,8
1088273,39,108,1423641,0,0,8
1089688,39,107,1422226,0,0,8
1091103,38,105,1420813,0,0,8
1092516,38,104,1419402,0,0,8
1093927,38,103,1417992,0,0,8
1095338,37,102,1416583,0,0,8
1096747,37,101,1415175,0,0,8
1098154,37,100,1413769,0,0,8
1099560,36,99,1412364,0,0,8
1100965,36,98,1410960,0,0,8
1102369,36,98,1409558,0,0,8
1103771,35,97,1408157,0,0,8
1105172,35,96,1406757,0,0,8
1106572,35,95,1405359,0,0,8
1107970,35,94,1403962,0,0,8
1109367,34,93,1402566,0,0,8
1110762,34,92,1401172,0,0,8
1112156,34,91,1399779,0,0,8
1113549,33,91,1398387,0,0,8
1114940,33,90,1396997,0,0,8
1116331,33,89,1395608,0,0,8
1117719,33,88,1394220,0,0,8
1119107,32,87,1392833,0,0,8
1120493,32,87,1391448,0,0,8
1121878,32,86,1390065,0,0,8
1123261,32,85,1388682,0,0,8
1124643,31,84,1387301,0,0,8
1126024,31,84,1385921,0,0,8
1127403,31,83,1384543,0,0,8
1128781,31,82,1383166,0,0,8
1130158,30,82,1381790,0,0,8
1131534,30,81,1380415,0,0,8
1132908,30,80,1379042,0,0,8
1134280,30,80,1377670,0,0,8
1135652,30,79,1376300,0,0,8
1137022,29,78,1374931,0,0,8
1138391,29,78,1373563,0,0,8
1139758,29,77,1372196,0,0,8
1141124,29,76,1370831,0,0,8
1142489,29,76,1369467,0,0,8
1143852,28,75,1368104,0,0,8
1145214,28,75,1366743,0,0,8
1146575,28,74,1365383,0,0,8
1147934,28,74,1364024,0,0,8
1149293,28,73,1362667,0,0,8
1150649,27,73,1361311,0,0,8
1152005,27,72,1359956,0,0,8
1153359,27,72,1358602,0,0,8
1154712,27,71,1357250,0,0,8
1156063,27,70,1355899,0,0,8
1157413,27,70,1354550,0,0,8
1158762,26,70,1353202,0,0,8
1160110,26,69,1351855,0,0,8
1161456,26,69,1350509,0,0,8
1162801,26,68,1349165,0,0,8
1164145,26,68,1347822,0,0,8
1165487,26,67,1346480,0,0,8
1166828,25,67,1345140,0,0,8
1168167,25,66,1343801,0,0,8
1169506,25,66,1342463,0,0,8
1170843,25,65,1341127,0,0,8
1172178,25,65,1339792,0,0,8
1173513,25,65,1338458,0,0,8
1174846,25,64,1337125,0,0,8
1176178,25,64,1335794,0,0,8
1177508,24,63,1334464,0,0,8
1178837,24,63,1333135,0,0,8
1180165,24,63,1331808,0,0,8
1181492,24,62,1330482,0,0,8
1182817,24,62,1329157,0,0,8
1184141,24,62,1327834,0,0,8
1185464,24,61,1326512,0,0,8
1186785,23,61,1325191,0,0,8
1188105,23,61,1323871,0,0,8
1189424,23,60,1322553,0,0,8
1190741,23,60,1321236,0,0,8
1192057,23,60,1319920,0,0,8
1193372,23,59,1318606,0,0,8
1194686,23,59,1317292,0,0,8
1195998,23,59,1315981,0,0,8
1197309,23,58,1314670,0,0,8
1198619,22,58,1313361,0,0,8
1199927,22,58,1312053,0,0,8
1201234,22,57,1310746,0,0,8
1202540,22,57,1309441,0,0,8
1203844,22,57,1308137,0,0,8
1205148,22,57,1306834,0,0,8
1206450,22,56,1305532,0,0,8
1207750,22,56,1304232,0,0,8
1209050,22,56,1302933,0,0,8
1210348,22,56,1301635,0,0,8
1211645,22,55,1300339,0,0,8
1212940,22,55,1299043,0,0,8
1214234,21,55,1297749,0,0,8
1215527,21,55,1296457,0,0,8
1216819,21,54,1295165,0,0,8
1218109,21,54,1293875,0,0,8
1219398,21,54,1292586,0,0,8
1220686,21,54,1291299,0,0,8
1221973,21,53,1290013,0,0,8
1223258,21,53,1288728,0,0,8
1224542,21,53,1287444,0,0,8
1225825,21,53,1286161,0,0,8
1227107,21,53,1284880,0,0,8
1228387,21,52,1283600,0,0,8
1229666,21,52,1282321,0,0,8
1230943,21,52,1281044,0,0,8
1232220,20,52,1279768,0,0,8
1233495,20,52,1278493,0,0,8
1234769,20,51,1277219,0,0,8
1236041,20,51,1275947,0,0,8
1237313,20,51,1274676,0,0,8
1238583,20,51,1273406,0,0,8
1239852,20,51,1272137,0,0,8
1241119,20,51,1270870,0,0,8
1242386,20,50,1269604,0,0,8
1243651,20,50,1268339,0,0,8
1244915,20,50,1267075,0,0,8
1246177,20,50,1265813,0,0,8
1247438,20,50,1264552,0,0,8
1248698,20,50,1263292,0,0,8
1249957,20,50,1262033,0,0,8
1251215,20,49,1260776,0,0,8
1252471,20,49,1259520,0,0,8
1253726,20,49,1258265,0,0,8
1254980,20,49,1257011,0,0,8
1256233,20,49,1255759,0,0,8
1257484,20,49,1254508,0,0,8
1258734,20,49,1253258,0,0,8
1259983,19,49,1252009,0,0,8
1261230,19,49,1250762,0,0,8
1262477,19,48,1249516,0,0,8
1263722,19,48,1248271,0,0,8
1264966,19,48,1247027,0,0,8
1266208,19,48,1245784,0,0,8
1267450,19,48,1244543,0,0,8
1268690,19,48,1243303,0,0,8
1269929,19,48,1242064,0,0,8
1271166,19,48,1240827,0,0,8
1272403,19,48,1239591,0,0,8
1273638,19,48,1238355,0,0,8
1274872,19,47,1237122,0,0,8
1276105,19,47,1235889,0,0,8
1277336,19,47,1234657,0,0,8
1278566,19,47,1233427,0,0,8
1279795,19,47,1232198,0,0,8
1281023,19,47,1230971,0,0,8
1282250,19,47,1229744,0,0,8
1283475,19,47,1228519,0,0,8
1284699,19,47,1227295,0,0,8
1285922,19,47,1226072,0,0,8
1287144,19,47,1224850,0,0,8
1288364,19,47,1223630,0,0,8
1289584,19,47,1222411,0,0,8
1290802,19,47,1221193,0,0,8
1292019,19,47,1219976,0,0,8
1293234,19,47,1218760,0,0,8
1294449,19,46,1217546,0,0,8
1295662,19,46,1216333,0,0,8
1296874,19,46,1215121,0,0,8
1298085,19,46,1213910,0,0,8
1299294,19,46,1212701,0,0,8
1300502,19,46,1211492,0,0,8
1301710,19,46,1210285,0,0,8
1302915,19,46,1209079,0,0,8
1304120,19,46,1207874,0,0,8
1305324,19,46,1206671,0,0,8
1306526,19,46,1205469,0,0,8
1307727,19,46,1204268,0,0,8
1308927,19,46,1203068,0,0,8
1310126,19,46,1201869,0,0,8
1311323,19,46,1200672,0,0,8
1312519,19,46,1199475,0,0,8
1313715,19,46,1198280,0,0,8
1314908,19,46,1197086,0,0,8
1316101,19,46,1195893,0,0,8
1317293,19,46,1194702,0,0,8
1318483,19,46,1193512,0,0,8
1319672,19,46,1192322,0,0,8
1320860,19,46,1191134,0,0,8
1322047,19,46,1189948,0,0,8
1323232,19,46,1188762,0,0,8
1324417,19,46,1187578,0,0,8
1325600,19,46,1186395,0,0,8
1326782,19,46,1185213,0,0,8
1327962,19,46,1184032,0,0,8
1329142,19,46,1182852,0,0,8
1330320,19,47,1181674,0,0,8
1331498,19,47,1180496,0,0,8
1332674,19,47,1179320,0,0,8
1333849,19,47,1178145,0,0,8
1335022,20,47,1176971,0,0,8
1336195,20,47,1175799,0,0,8
1337366,20,47,1174628,0,0,8
1338536,20,47,1173457,0,0,8
1339705,20,47,1172288,0,0,8
1340873,20,47,1171120,0,0,8
1342040,20,47,1169954,0,0,8
1343205,20,47,1168788,0,0,8
1344369,20,47,1167624,0,0,8
1345532,20,47,1166461,0,0,8
1346694,20,47,1165299,0,0,8
1347855,20,47,1164138,0,0,8
1349015,20,47,1162978,0,0,8
1350173,20,48,1161819,0,0,8
1351330,20,48,1160662,0,0,8
1352486,20,48,1159506,0,0,8
1353641,20,48,1158351,0,0,8
1354795,20,48,1157197,0,0,8
1355948,20,48,1156044,0,0,8
1357099,20,48,1154893,0,0,8
1358249,20,48,1153742,0,0,8
1359398,20,48,1152593,0,0,8
1360546,20,48,1151445,0,0,8
1361693,21,48,1150298,0,0,8
1362839,21,49,1149152,0,0,8
1363983,21,49,1148008,0,0,8
1365126,21,49,1146864,0,0,8
1366269,21,49,1145722,0,0,8
1367409,21,49,1144581,0,0,8
1368549,21,49,1143441,0,0,8
1369688,21,49,1142302,0,0,8
1370826,21,49,1141164,0,0,8
1371962,21,49,1140028,0,0,8
1373097,21,50,1138892,0,0,8
1374231,21,50,1137758,0,0,8
1375364,21,50,1136625,0,0,8
1376496,21,50,1135493,0,0,8
1377627,21,50,1134362,0,0,8
1378756,22,50,1133232,0,0,8
1379884,22,50,1132104,0,0,8
1381012,22,51,1130976,0,0,8
1382138,22,51,1129850,0,0,8
1383263,22,51,1128725,0,0,8
1384386,22,51,1127601,0,0,8
1385509,22,51,1126478,0,0,8
1386630,22,51,1125356,0,0,8
1387751,22,52,1124235,0,0,8
1388870,22,52,1123116,0,0,8
1389988,22,52,1121998,0,0,8
1391105,22,52,1120880,0,0,8
1392221,23,52,1119764,0,0,8
1393335,23,52,1118649,0,0,8
1394449,23,53,1117536,0,0,8
1395561,23,53,1116423,0,0,8
1396673,23,53,1115311,0,0,8
1397783,23,53,1114201,0,0,8
1398892,23,53,1113092,0,0,8
1400000,23,54,1111983,0,0,8
1401106,23,54,1110876,0,0,8
1402212,23,54,1109770,0,0,8
1403317,24,54,1108666,0,0,8
1404420,24,54,1107562,0,0,8
1405522,24,55,1106459,0,0,8
1406623,24,55,1105358,0,0,8
1407723,24,55,1104258,0,0,8
1408822,24,55,1103158,0,0,8
1409920,24,56,1102060,0,0,8
1411017,24,56,1100963,0,0,8
1412112,24,56,1099867,0,0,8
1413206,25,56,1098773,0,0,8
1414300,25,57,1097679,0,0,8
1415392,25,57,1096587,0,0,8
1416483,25,57,1095495,0,0,8
1417573,25,57,1094405,0,0,8
1418662,25,58,1093316,0,0,8
1419749,25,58,1092228,0,0,8
1420836,26,58,1091141,0,0,8
1421921,26,58,1090055,0,0,8
1423006,26,59,1088970,0,0,8
1424089,26,59,1087886,0,0,8
1425171,26,59,1086804,0,0,8
1426252,26,60,1085722,0,0,8
1427332,26,60,1084642,0,0,8
1428411,26,60,1083563,0,0,8
1429488,27,60,1082485,0,0,8
1430565,27,61,1081408,0,0,8
1431640,27,61,1080332,0,0,8
1432715,27,61,1079257,0,0,8
1433788,27,62,1078183,0,0,8
1434860,27,62,1077111,0,0,8
1435931,28,62,1076039,0,0,8
1437001,28,63,1074969,0,0,8
1438070,28,63,1073899,0,0,8
1439137,28,63,1072831,0,0,8
1440204,28,64,1071764,0,0,8
1441270,28,64,1070698,0,0,8
1442334,29,64,1069633,0,0,8
1443397,29,65,1068569,0,0,8
1444460,29,65,1067506,0,0,8
1445521,29,65,1066445,0,0,8
1446581,29,66,1065384,0,0,8
1447640,30,66,1064325,0,0,8
1448697,30,67,1063266,0,0,8
1449754,30,67,1062209,0,0,8
1450810,30,67,1061153,0,0,8
1451864,30,68,1060098,0,0,8
1452918,30,68,1059044,0,0,8
1453970,31,69,1057991,0,0,8
1455021,31,69,1056939,0,0,8
1456071,31,70,1055888,0,0,8
1457120,31,70,1054838,0,0,8
1458168,32,70,1053790,0,0,8
1459215,32,71,1052742,0,0,8
1460261,32,71,1051696,0,0,8
1461306,32,72,1050650,0,0,8
1462349,32,72,1049606,0,0,8
1463392,33,73,1048563,0,0,8
1464433,33,73,1047521,0,0,8
1465474,33,74,1046480,0,0,8
1466513,33,74,1045440,0,0,8
1467551,34,75,1044401,0,0,8
1468588,34,75,1043363,0,0,8
1469624,34,76,1042326,0,0,8
1470659,34,76,1041291,0,0,8
1471693,35,77,1040256,0,0,8
1472725,35,77,1039223,0,0,8
1473757,35,78,1038190,0,0,8
1474787,35,78,1037159,0,0,8
1475817,36,79,1036129,0,0,8
1476845,36,79,1035099,0,0,8
1477873,36,80,1034071,0,0,8
1478899,36,81,1033044,0,0,8
1479924,37,81,1032018,0,0,8
1480948,37,82,1030993,0,0,8
1481971,37,82,1029970,0,0,8
1482993,38,83,1028947,0,0,8
1484014,38,83,1027925,0,0,8
1485033,38,84,1026905,0,0,8
1486052,39,85,1025885,0,0,8
1487069,39,85,1024866,0,0,8
1488086,39,86,1023849,0,0,8
1489101,39,87,1022833,0,0,8
1490116,40,87,1021817,0,0,8
1491129,40,88,1020803,0,0,8
1492141,40,89,1019790,0,0,8
1493152,41,89,1018778,0,0,8
1494162,41,90,1017767,0,0,8
1495171,41,91,1016757,0,0,8
1496179,42,91,1015748,0,0,8
1497185,42,92,1014740,0,0,8
1498191,43,93,1013734,0,0,8
1499195,43,94,1012728,0,0,8
1500199,43,94,1011723,0,0,8
1501201,44,95,1010720,0,0,8
1502203,44,96,1009717,0,0,8
1503203,44,97,1008716,0,0,8
1504202,45,98,1007716,0,0,8
1505200,45,98,1006716,0,0,8
1506197,46,99,1005718,0,0,8
1507193,46,100,1004721,0,0,8
1508188,46,101,1003725,0,0,8
1509182,47,102,1002730,0,0,8
1510174,47,102,1001736,0,0,8
1511166,48,103,1000743,0,0,8
1512157,48,104,999751,0,0,8
1513146,48,105,998760,0,0,8
1514134,49,106,997771,0,0,8
1515122,49,107,996782,0,0,8
1516108,50,108,995794,0,0,8
1517093,50,109,994808,0,0,8
1518077,51,110,993823,0,0,8
1519060,51,111,992838,0,0,8
1520042,52,112,991855,0,0,8
1521023,52,113,990873,0,0,8
1522002,53,114,989891,0,0,8
1522981,53,115,988911,0,0,8
1523959,54,116,987932,0,0,8
1524935,54,117,986954,0,0,8
1525910,55,118,985977,0,0,8
1526885,55,119,985001,0,0,8
1527858,56,120,984026,0,0,8
1528830,56,121,983053,0,0,8
1529801,57,122,982080,0,0,8
1530771,57,123,981108,0,0,8
1531740,58,124,980138,0,0,8
1532708,59,126,979168,0,0,8
1533674,59,127,978200,0,0,8
1534640,60,128,977232,0,0,8
1535605,60,129,976266,0,0,8
1536568,61,130,975301,0,0,8
1537530,61,132,974336,0,0,8
1538492,62,133,973373,0,0,8
1539452,63,134,972411,0,0,8
1540411,63,136,971450,0,0,8
1541369,64,137,970490,0,0,8
1542326,65,138,969531,0,0,8
1543281,65,139,968574,0,0,8
1544236,66,141,967617,0,0,8
1545190,67,142,966661,0,0,8
1546142,68,144,965707,0,0,8
1547094,68,145,964753,0,0,8
1548044,69,147,963801,0,0,8
1548993,69,148,962849,0,0,8
1549941,70,150,961899,0,0,8
1550888,71,151,960950,0,0,8
1551834,72,153,960001,0,0,8
1552779,72,154,959054,0,0,8
1553723,73,156,958108,0,0,8
1554665,74,157,957163,0,0,8
1555607,75,159,956219,0,0,8
1556547,76,160,955277,0,0,8
1557486,77,162,954335,0,0,8
1558424,77,164,953394,0,0,8
1559361,78,166,952455,0,0,8
1560297,79,167,951516,0,0,8
1561232,80,169,950579,0,0,8
1562166,81,171,949642,0,0,8
1563098,82,173,948707,0,0,8
1564030,83,175,947773,0,0,8
1564960,84,176,946840,0,0,8
1565889,85,178,945908,0,0,8
1566817,85,180,944977,0,0,8
1567744,86,182,944047,0,0,8
1568670,87,184,943118,0,0,8
1569595,88,186,942191,0,0,8
1570518,89,188,941264,0,0,8
1571441,90,190,940339,0,0,8
1572362,91,193,939414,0,0,8
1573282,92,195,938491,0,0,8
1574201,93,197,937569,0,0,8
1575119,95,199,936648,0,0,8
1576036,96,201,935728,0,0,8
1576951,97,203,934809,0,0,8
1577866,98,206,933891,0,0,8
1578779,99,208,932974,0,0,8
1579691,100,210,932059,0,0,8
1580602,101,213,931144,0,0,8
1581512,103,215,930231,0,0,8
1582420,104,218,929318,0,0,8
1583328,105,220,928407,0,0,8
1584234,106,223,927497,0,0,8
1585139,108,225,926588,0,0,8
1586043,109,228,925680,0,0,8
1586946,110,230,924774,0,0,8
1587847,112,233,923868,0,0,8
1588748,113,236,922964,0,0,8
1589647,114,238,922060,0,0,8
1590545,116,241,921158,0,0,8
1591442,117,244,920257,0,0,8
1592338,118,247,919357,0,0,8
1593232,120,250,918458,0,0,8
1594125,121,253,917560,0,0,8
1595017,123,256,916664,0,0,8
1595908,124,259,915769,0,0,8
1596798,126,262,914874,0,0,8
1597686,128,265,913981,0,0,8
1598573,129,268,913089,0,0,8
1599459,131,271,912198,0,0,8
1600344,133,275,911309,0,0,8
1601228,134,278,910420,0,0,8
1602110,136,281,909533,0,0,8
1602991,137,285,908647,0,0,8
1603871,139,289,907762,0,0,8
1604749,141,292,906878,0,0,8
1605627,142,296,905995,0,0,8
1606503,144,300,905114,0,0,8
1607377,146,303,904233,0,0,8
1608251,148,307,903354,0,0,8
1609123,150,311,902476,0,0,8
1609994,152,314,901599,0,0,8
1610864,154,318,900724,0,0,8
1611732,156,322,899850,0,0,8
1612599,158,326,898976,0,0,8
1613465,160,331,898104,0,0,8
1614329,162,335,897234,0,0,8
1615193,164,339,896364,0,0,8
1616055,166,344,895496,0,0,8
1616915,168,348,894628,0,0,8
1617774,171,353,893763,0,0,8
1618632,173,357,892898,0,0,8
1619489,176,361,892035,0,0,8
1620344,178,366,891172,0,0,8
1621198,180,371,890311,0,0,8
1622050,183,376,889452,0,0,8
1622901,185,380,888593,0,0,8
1623751,188,386,887736,0,0,8
1624599,190,391,886880,0,0,8
1625446,192,396,886025,0,0,8
1626292,195,401,885172,0,0,8
1627136,198,406,884320,0,0,8
1627979,200,412,883469,0,0,8
1628820,203,417,882619,0,0,8
1629660,206,423,881771,0,0,8
1630499,209,428,880924,0,0,8
1631336,212,434,880078,0,0,8
1632171,215,440,879234,0,0,8
1633006,218,446,878391,0,0,8
1633838,221,452,877549,0,0,8
1634670,224,458,876709,0,0,8
1635499,227,464,875870,0,0,8
1636328,230,470,875032,0,0,8
1637154,233,477,874196,0,0,8
1637979,237,483,873361,0,0,8
1638803,240,490,872527,0,0,8
1639625,243,496,871695,0,0,8
1640446,247,503,870864,0,0,8
1641265,250,510,870035,0,0,8
1642083,254,517,869206,0,0,8
1642899,257,524,868380,0,0,8
1643713,261,532,867554,0,0,8
1644526,264,539,866730,0,0,8
1645337,268,547,865908,0,0,8
1646147,272,554,865087,0,0,8
1646954,276,562,864267,0,0,8
1647761,280,570,863449,0,0,8
1648565,285,578,862633,0,0,8
1649368,289,586,861817,0,0,8
1650169,293,594,861004,0,0,8
1650969,297,602,860191,0,0,8
1651767,301,611,859381,0,0,8
1652563,306,620,858571,0,0,8
1653358,310,629,857764,0,0,8
1654150,314,638,856957,0,0,8
1654941,319,647,856153,0,0,8
1655731,323,657,855349,0,0,8
1656518,328,666,854548,0,0,8
1657303,333,675,853748,0,0,8
1658087,339,685,852950,0,0,8
1658869,344,694,852153,0,0,8
1659649,349,704,851358,0,0,8
1660427,354,715,850564,0,0,8
1661203,360,725,849772,0,0,8
1661978,365,736,848982,0,0,8
1662750,370,747,848193,0,0,8
1663521,375,758,847406,0,0,8
1664290,380,770,846620,0,0,8
1665056,386,781,845837,0,0,8
1665821,391,793,845055,0,0,8
1666583,398,804,844275,0,0,8
1667344,404,816,843496,0,0,8
1668102,411,828,842720,0,0,8
1668858,417,840,841945,0,0,8
1669613,424,852,841172,0,0,8
1670365,430,865,840400,0,0,8
1671115,437,878,839630,0,0,8
1671863,443,891,838863,0,0,8
1672609,449,905,838096,0,0,8
1673353,456,919,837332,0,0,8
1674094,462,933,836570,0,0,8
1674833,470,947,835810,0,0,8
1675570,477,961,835051,0,0,8
1676304,485,976,834295,0,0,8
1677037,493,990,833540,0,0,8
1677766,501,1005,832788,0,0,8
1678494,509,1020,832037,0,0,8
1679219,517,1036,831289,0,0,8
1679942,525,1052,830542,0,0,8
1680662,532,1068,829797,0,0,8
1681380,540,1085,829055,0,0,8
1682095,549,1102,828314,0,0,8
1682808,557,1119,827576,0,0,8
1683518,567,1136,826840,0,0,8
1684225,576,1153,826106,0,0,8
1684930,585,1171,825374,0,0,8
1685632,595,1189,824644,0,0,8
1686332,604,1207,823917,0,0,8
1687029,614,1226,823191,0,0,8
1687723,623,1246,822468,0,0,8
1688414,633,1265,821748,0,0,8
1689103,643,1286,821029,0,0,8
1689788,653,1306,820313,0,0,8
1690471,663,1326,819599,0,0,8
1691151,674,1347,818888,0,0,8
1691827,685,1368,818179,0,0,8
1692501,697,1389,817473,0,0,8
1693172,708,1411,816769,0,0,8
1693839,720,1434,816067,0,0,8
1694504,731,1456,815368,0,0,8
1695165,743,1480,814672,0,0,8
1695824,755,1504,813978,0,0,8
1696479,767,1528,813286,0,0,8
1697131,779,1553,812598,0,0,8
1697779,791,1578,811912,0,0,8
1698424,804,1603,811228,0,0,8
1699065,818,1629,810548,0,0,8
1699703,832,1655,809870,0,0,8
1700338,846,1681,809196,0,0,8
1700968,861,1707,808524,0,0,8
1701595,875,1735,807855,0,0,8
1702219,890,1763,807189,0,0,8
1702839,904,1791,806525,0,0,8
1703456,919,1821,805865,0,0,8
1704068,933,1851,805208,0,0,8
1704677,948,1882,804553,0,0,8
1705282,962,1914,803902,0,0,8
1705883,978,1946,803254,0,0,8
1706479,994,1978,802609,0,0,8
1707072,1010,2010,801968,0,0,8
1707660,1028,2043,801330,0,0,8
1708244,1046,2075,800695,0,0,8
1708823,1065,2109,800064,0,0,8
1709398,1083,2143,799436,0,0,8
1709969,1101,2178,798811,0,0,8
1710536,1119,2215,798190,0,0,8
1711098,1138,2252,797572,0,0,8
1711656,1156,2290,796958,0,0,8
1712209,1175,2329,796348,0,0,8
1712757,1194,2368,795741,0,0,8
1713300,1215,2407,795138,0,0,8
1713838,1236,2447,794539,0,0,8
1714371,1257,2487,793944,0,0,8
1714900,1279,2528,793353,0,0,8
1715423,1301,2570,792766,0,0,8
1715941,1323,2613,792183,0,0,8
1716454,1346,2657,791604,0,0,8
1716961,1368,2702,791028,0,0,8
1717463,1391,2748,790458,0,0,8
1717960,1414,2795,789891,0,0,8
1718451,1438,2842,789329,0,0,8
1718936,1463,2890,788771,0,0,8
1719415,1489,2939,788218,0,0,8
1719888,1515,2988,787669,0,0,8
1720356,1541,3038,787125,0,0,8
1720817,1568,3089,786586,0,0,8
1721272,1595,3141,786051,0,0,8
1721722,1623,3195,785521,0,0,8
1722164,1650,3250,784996,0,0,8
1722601,1678,3306,784476,0,0,8
1723031,1706,3363,783960,0,0,8
1723454,1735,3421,783450,0,0,8
1723871,1764,3480,782945,0,0,8
1724280,1795,3539,782446,0,0,8
1724683,1827,3599,781952,0,0,8
1725078,1860,3659,781463,0,0,8
1725465,1894,3721,780980,0,0,8
1725846,1928,3784,780503,0,0,8
1726219,1962,3848,780031,0,0,8
1726585,1996,3914,779565,0,0,8
1726943,2030,3983,779104,0,0,8
1727294,2064,4052,778650,0,0,8
1727637,2098,4124,778201,0,0,8
1727973,2132,4197,777758,0,0,8
1728300,2168,4271,777322,0,0,8
1728618,2204,4346,776892,0,0,8
1728928,2242,4422,776468,0,0,8
1729228,2283,4497,776052,0,0,8
1729520,2325,4573,775643,0,0,8
1729802,2367,4651,775240,0,0,8
1730076,2410,4730,774844,0,0,8
1730341,2453,4811,774454,0,0,8
1730597,2496,4895,774072,0,0,8
1730843,2539,4981,773697,0,0,8
1731081,2582,5069,773328,0,0,8
1731308,2625,5159,772968,0,0,8
1731526,2670,5250,772614,0,0,8
1731733,2716,5342,772269,0,0,8
1731929,2765,5435,771932,0,0,8
1732115,2815,5528,771603,0,0,8
1732290,2866,5623,771282,0,0,8
1732454,2917,5720,770969,0,0,8
1732608,2969,5820,770664,0,0,8
1732750,3021,5921,770367,0,0,8
1732882,3073,6026,770079,0,0,8
1733002,3126,6132,769799,0,0,8
1733111,3180,6241,769529,0,0,8
1733208,3234,6351,769267,0,0,8
1733292,3291,6463,769015,0,0,8
1733364,3350,6575,768772,0,0,8
1733423,3410,6689,768539,0,0,8
1733469,3472,6804,768315,0,0,8
1733502,3534,6922,768102,0,0,8
1733523,3597,7043,767898,0,0,8
1733530,3660,7166,767704,0,0,8
1733524,3723,7293,767520,0,0,8
1733505,3787,7422,767346,0,0,8
1733472,3852,7554,767182,0,0,8
1733425,3917,7688,767030,0,0,8
1733363,3984,7824,766888,0,0,8
1733286,4054,7962,766758,0,0,8
1733194,4126,8101,766639,0,0,8
1733086,4201,8240,766533,0,0,8
1732963,4278,8381,766438,0,0,8
1732824,4356,8525,766355,0,0,8
1732670,4434,8672,766284,0,0,8
1732499,4512,8824,766224,0,0,8
1732314,4590,8979,766177,0,0,8
1732112,4668,9138,766142,0,0,8
1731893,4746,9302,766119,0,0,8
1731658,4824,9469,766110,0,0,8
1731405,4903,9638,766113,0,0,8
1731135,4985,9810,766130,0,0,8
1730845,5070,9982,766162,0,0,8
1730537,5161,10155,766208,0,0,8
1730209,5255,10328,766269,0,0,8
1729862,5350,10504,766344,0,0,8
1729497,5446,10683,766434,0,0,8
1729112,5543,10867,766538,0,0,8
1728709,5639,11056,766656,0,0,8
1728286,5734,11250,766790,0,0,8
1727844,5830,11449,766938,0,0,8
1727381,5926,11651,767102,0,0,8
1726898,6024,11856,767282,0,0,8
1726392,6126,12063,767479,0,0,8
1725864,6232,12270,767693,0,0,8
1725314,6342,12479,767925,0,0,8
1724741,6454,12691,768173,0,0,8
1724147,6567,12907,768439,0,0,8
1723530,6681,13128,768721,0,0,8
1722890,6794,13354,769022,0,0,8
1722228,6908,13585,769339,0,0,8
1721542,7022,13820,769675,0,0,8
1720833,7137,14060,770030,0,0,8
1720099,7254,14303,770403,0,0,8
1719340,7375,14549,770796,0,0,8
1718555,7500,14796,771209,0,0,8
1717744,7630,15044,771642,0,0,8
1716907,7761,15296,772096,0,0,8
1716044,7894,15552,772570,0,0,8
1715156,8027,15814,773064,0,0,8
1714241,8161,16081,773578,0,0,8
1713299,8294,16353,774113,0,0,8
1712331,8427,16632,774670,0,0,8
1711336,8561,16915,775247,0,0,8
1710313,8697,17203,775847,0,0,8
1709261,8835,17495,776470,0,0,8
1708179,8977,17788,777115,0,0,8
1707067,9126,18082,777785,0,0,8
1705924,9280,18376,778480,0,0,8
1704751,9437,18674,779198,0,0,8
1703548,9596,18976,779940,0,0,8
1702315,9754,19284,780706,0,0,8
1701053,9911,19600,781496,0,0,8
1699760,10067,19923,782310,0,0,8
1698438,10221,20254,783148,0,0,8
1697084,10374,20591,784011,0,0,8
1695698,10527,20935,784900,0,0,8
1694281,10682,21282,785815,0,0,8
1692829,10842,21632,786757,0,0,8
1691342,11009,21981,787728,0,0,8
1689819,11187,22326,788728,0,0,8
1688261,11371,22671,789757,0,0,8
1686668,11559,23020,790814,0,0,8
1685041,11745,23375,791899,0,0,8
1683382,11929,23739,793011,0,0,8
1681689,12109,24112,794150,0,0,8
1679963,12285,24496,795317,0,0,8
1678203,12457,24888,796512,0,0,8
1676408,12627,25289,797736,0,0,8
1674577,12798,25694,798990,0,0,8
1672709,12975,26100,800276,0,0,8
1670802,13161,26503,801594,0,0,8
1668853,13361,26899,802947,0,0,8
1666866,13568,27294,804332,0,0,8
1664841,13776,27694,805749,0,0,8
1662780,13983,28100,807197,0,0,8
1660682,14186,28516,808676,0,0,8
1658548,14384,28941,810187,0,0,8
1656378,14578,29376,811728,0,0,8
1654171,14769,29818,813302,0,0,8
1651926,14959,30266,814909,0,0,8
1649642,15153,30716,816549,0,0,8
1647316,15356,31163,818226,0,0,8
1644947,15569,31603,819940,0,0,8
1642538,15788,32044,821689,0,0,8
1640090,16007,32490,823473,0,0,8
1637604,16224,32941,825291,0,0,8
1635079,16438,33399,827144,0,0,8
1632516,16648,33865,829031,0,0,8
1629915,16855,34337,830952,0,0,8
1627275,17060,34816,832909,0,0,8
1624596,17266,35297,834901,0,0,8
1621876,17474,35779,836931,0,0,8
1619114,17689,36258,838999,0,0,8
1616310,17912,36733,841105,0,0,8
1613466,18137,37208,843249,0,0,8
1610583,18362,37687,845429,0,0,8
1607660,18584,38170,847646,0,0,8
1604700,18802,38658,849900,0,0,8
1601702,19016,39153,852189,0,0,8
1598666,19226,39653,854515,0,0,8
1595592,19433,40158,856878,0,0,8
1592479,19638,40664,859278,0,0,8
1589327,19846,41170,861717,0,0,8
1586135,20058,41672,864195,0,0,8
1582902,20278,42167,866713,0,0,8
1579629,20504,42656,869271,0,0,8
1576317,20731,43145,871867,0,0,8
1572970,20955,43636,874500,0,0,8
1569586,21172,44132,877170,0,0,8
1566168,21383,44633,879876,0,0,8
1562716,21586,45140,882618,0,0,8
1559229,21782,45653,885396,0,0,8
1555709,21972,46168,888211,0,0,8
1552154,22160,46684,891063,0,0,8
1548563,22348,47196,893953,0,0,8
1544935,22543,47699,896882,0,0,8
1541270,22749,48188,899853,0,0,8
1537568,22965,48665,902863,0,0,8
1533832,23181,49136,905911,0,0,8
1530065,23393,49607,908995,0,0,8
1526269,23596,50082,912113,0,0,8
1522445,23787,50563,915265,0,0,8
1518594,23967,51050,918450,0,0,8
1514716,24134,51542,921668,0,0,8
1510811,24292,52038,924919,0,0,8
1506879,24445,52531,928205,0,0,8
1502918,24598,53018,931526,0,0,8
1498928,24758,53491,934884,0,0,8
1494905,24934,53941,938280,0,0,8
1490853,25119,54373,941714,0,0,8
1486777,25303,54799,945181,0,0,8
1482677,25480,55222,948680,0,0,8
1478558,25647,55646,952209,0,0,8
1474419,25799,56075,955767,0,0,8
1470263,25939,56506,959352,0,0,8
1466089,26065,56940,962966,0,0,8
1461897,26183,57371,966609,0,0,8
1457688,26296,57797,970280,0,0,8
1453459,26411,58208,973982,0,0,8
1449208,26537,58598,977716,0,0,8
1444938,26674,58966,981483,0,0,8
1440652,26808,59323,985276,0,0,8
1436354,26936,59675,989095,0,0,8
1432044,27054,60023,992939,0,0,8
1427725,27160,60370,996805,0,0,8
1423399,27254,60715,1000693,0,0,8
1419064,27337,61057,1004602,0,0,8
1414722,27410,61395,1008533,0,0,8
1410374,27478,61723,1012485,0,0,8
1406017,27546,62037,1016460,0,0,8
1401651,27620,62330,1020459,0,0,8
1397278,27699,62603,1024479,0,0,8
1392901,27776,62864,1028519,0,0,8
1388522,27846,63115,1032576,0,0,8
1384144,27906,63360,1036649,0,0,8
1379767,27956,63600,1040737,0,0,8
1375393,27994,63836,1044837,0,0,8
1371023,28021,64065,1048950,0,0,8
1366657,28039,64288,1053076,0,0,8
1362295,28051,64500,1057213,0,0,8
1357939,28060,64699,1061363,0,0,8
1353586,28070,64879,1065525,0,0,8
1349237,28087,65035,1069701,0,0,8
1344894,28105,65174,1073886,0,0,8
1340561,28119,65301,1078080,0,0,8
1336238,28124,65417,1082280,0,0,8
1331929,28120,65527,1086484,0,0,8
1327634,28103,65632,1090691,0,0,8
1323354,28075,65731,1094900,0,0,8
1319091,28035,65824,1099110,0,0,8
1314844,27986,65909,1103321,0,0,8
1310614,27930,65984,1107532,0,0,8
1306400,27873,66043,1111744,0,0,8
1302202,27817,66083,1115957,0,0,8
1298019,27771,66098,1120172,0,0,8
1293854,27729,66090,1124388,0,0,8
1289708,27684,66068,1128600,0,0,8
1285585,27633,66035,1132806,0,0,8
1281486,27572,65997,1137005,0,0,8
1277412,27499,65953,1141195,0,0,8
1273365,27413,65906,1145375,0,0,8
1269346,27315,65855,1149544,0,0,8
1265354,27206,65799,1153701,0,0,8
1261389,27089,65735,1157846,0,0,8
1257452,26969,65658,1161981,0,0,8
1253541,26851,65564,1166104,0,0,8
1249655,26741,65445,1170219,0,0,8
1245793,26644,65299,1174324,0,0,8
1241960,26548,65137,1178415,0,0,8
1238158,26448,64963,1182491,0,0,8
1234388,26341,64783,1186549,0,0,8
1230652,26222,64600,1190586,0,0,8
1226951,26092,64414,1194603,0,0,8
1223285,25950,64227,1198598,0,0,8
1219655,25797,64037,1202570,0,0,8
1216060,25637,63842,1206520,0,0,8
1212500,25472,63639,1210449,0,0,8
1208974,25309,63421,1214356,0,0,8
1205480,25154,63183,1218243,0,0,8
1202018,25012,62919,1222111,0,0,8
1198590,24873,62640,1225957,0,0,8
1195198,24732,62352,1229778,0,0,8
1191845,24586,62058,1233571,0,0,8
1188530,24432,61762,1237336,0,0,8
1185255,24268,61464,1241072,0,0,8
1182020,24096,61166,1244778,0,0,8
1178824,23916,60866,1248454,0,0,8
1175668,23730,60562,1252099,0,0,8
1172552,23542,60252,1255715,0,0,8
1169473,23355,59931,1259302,0,0,8
1166430,23175,59595,1262860,0,0,8
1163424,23005,59239,1266391,0,0,8
1160456,22838,58874,1269892,0,0,8
1157528,22669,58502,1273360,0,0,8
1154640,22497,58128,1276795,0,0,8
1151793,22319,57751,1280196,0,0,8
1148988,22136,57375,1283562,0,0,8
1146224,21947,56998,1286892,0,0,8
1143501,21752,56620,1290187,0,0,8
1140818,21554,56241,1293446,0,0,8
1138176,21355,55858,1296671,0,0,8
1135574,21158,55468,1299860,0,0,8
1133010,20966,55068,1303017,0,0,8
1130484,20782,54655,1306140,0,0,8
1127996,20602,54234,1309228,0,0,8
1125549,20422,53809,1312280,0,0,8
1123141,20240,53383,1315296,0,0,8
1120775,20056,52956,1318273,0,0,8
1118449,19867,52531,1321213,0,0,8
1116164,19674,52108,1324113,0,0,8
1113920,19478,51687,1326976,0,0,8
1111715,19279,51266,1329800,0,0,8
1109551,19078,50845,1332586,0,0,8
1107425,18878,50423,1335334,0,0,8
1105338,18681,49995,1338046,0,0,8
1103288,18491,49560,1340721,0,0,8
1101274,18309,49115,1343362,0,0,8
1099297,18131,48666,1345966,0,0,8
1097359,17956,48214,1348532,0,0,8
1095459,17779,47764,1351059,0,0,8
1093597,17599,47316,1353548,0,0,8
1091774,17416,46873,1355997,0,0,8
1089990,17230,46434,1358407,0,0,8
1088244,17039,46000,1360777,0,0,8
1086536,16846,45571,1363108,0,0,8
1084865,16651,45144,1365400,0,0,8
1083231,16456,44718,1367655,0,0,8
1081632,16265,44291,1369873,0,0,8
1080067,16080,43859,1372054,0,0,8
1078535,15905,43418,1374202,0,0,8
1077037,15740,42969,1376314,0,0,8
1075572,15579,42518,1378391,0,0,8
1074143,15418,42069,1380430,0,0,8
1072748,15256,41625,1382431,0,0,8
1071389,15090,41187,1384394,0,0,8
1070065,14920,40757,1386318,0,0,8
1068777,14744,40336,1388204,0,0,8
1067523,14565,39921,1390051,0,0,8
1066302,14383,39513,1391862,0,0,8
1065115,14200,39109,1393635,0,0,8
1063960,14021,38705,1395374,0,0,8
1062835,13848,38298,1397079,0,0,8
1061739,13686,37883,1398752,0,0,8
1060672,13537,37458,1400393,0,0,8
1059634,13392,37032,1402001,0,0,8
1058628,13248,36610,1403574,0,0,8
1057652,13103,36193,1405111,0,0,8
1056708,12954,35784,1406613,0,0,8
1055795,12802,35384,1408080,0,0,8
1054913,12646,34991,1409511,0,0,8
1054061,12486,34607,1410907,0,0,8
1053238,12326,34228,1412269,0,0,8
1052444,12166,33852,1413598,0,0,8
1051677,12011,33476,1414896,0,0,8
1050936,11865,33096,1416164,0,0,8
1050220,11729,32709,1417402,0,0,8
1049530,11597,32323,1418610,0,0,8
1048868,11465,31941,1419786,0,0,8
1048232,11333,31564,1420931,0,0,8
1047623,11200,31194,1422043,0,0,8
1047041,11065,30829,1423124,0,0,8
1046486,10928,30472,1424174,0,0,8
1045956,10791,30120,1425193,0,0,8
1045451,10654,29773,1426182,0,0,8
1044971,10519,29428,1427142,0,0,8
1044514,10388,29084,1428073,0,0,8
1044080,10263,28739,1428978,0,0,8
1043669,10143,28393,1429854,0,0,8
1043282,10024,28051,1430703,0,0,8
1042917,9906,27713,1431524,0,0,8
1042576,9788,27380,1432316,0,0,8
1042258,9670,27052,1433081,0,0,8
1041962,9551,26729,1433818,0,0,8
1041688,9432,26412,1434528,0,0,8
1041437,9314,26099,1435211,0,0,8
1041207,9196,25790,1435868,0,0,8
1040997,9080,25484,1436499,0,0,8
1040808,8968,25179,1437105,0,0,8
1040639,8860,24874,1437688,0,0,8
1040489,8756,24570,1438246,0,0,8
1040359,8653,24269,1438779,0,0,8
1040248,8552,23972,1439289,0,0,8
1040157,8450,23679,1439773,0,0,8
1040086,8349,23391,1440234,0,0,8
1040034,8247,23109,1440671,0,0,8
1040001,8144,22831,1441084,0,0,8
1039987,8042,22559,1441473,0,0,8
1039990,7939,22290,1441840,0,0,8
1040012,7838,22025,1442184,0,0,8
1040051,7739,21763,1442507,0,0,8
1040107,7643,21501,1442809,0,0,8
1040179,7552,21239,1443090,0,0,8
1040266,7466,20977,1443351,0,0,8
1040370,7382,20716,1443592,0,0,8
1040490,7299,20458,1443813,0,0,8
1040627,7216,20205,1444012,0,0,8
1040780,7132,19958,1444191,0,0,8
1040949,7046,19715,1444349,0,0,8
1041134,6960,19479,1444487,0,0,8
1041335,6872,19249,1444604,0,0,8
1041552,6783,19023,1444702,0,0,8
1041783,6694,18802,1444781,0,0,8
1042029,6607,18583,1444842,0,0,8
1042289,6522,18365,1444885,0,0,8
1042561,6443,18145,1444911,0,0,8
1042846,6370,17923,1444921,0,0,8
1043144,6300,17701,1444915,0,0,8
1043456,6231,17482,1444891,0,0,8
1043781,6162,17268,1444849,0,0,8
1044119,6092,17058,1444791,0,0,8
1044471,6021,16853,1444715,0,0,8
1044836,5949,16653,1444622,0,0,8
1045214,5877,16457,1444513,0,0,8
1045604,5804,16264,1444387,0,0,8
1046006,5733,16074,1444247,0,0,8
1046420,5665,15884,1444091,0,0,8
1046845,5600,15694,1443921,0,0,8
1047280,5538,15505,1443736,0,0,8
1047727,5477,15319,1443537,0,0,8
1048186,5416,15135,1443323,0,0,8
1048655,5355,14955,1443095,0,0,8
1049136,5294,14778,1442852,0,0,8
1049627,5233,14605,1442595,0,0,8
1050129,5171,14435,1442324,0,0,8
1050642,5111,14268,1442040,0,0,8
1051165,5051,14102,1441742,0,0,8
1051697,4993,13939,1441431,0,0,8
1052239,4937,13776,1441108,0,0,8
1052791,4883,13614,1440773,0,0,8
1053351,4830,13454,1440425,0,0,8
1053921,4778,13296,1440065,0,0,8
1054501,4726,13141,1439693,0,0,8
1055090,4673,12988,1439308,0,0,8
1055688,4621,12839,1438912,0,0,8
1056295,4569,12693,1438503,0,0,8
1056910,4517,12549,1438083,0,0,8
1057535,4465,12408,1437652,0,0,8
1058168,4414,12269,1437209,0,0,8
1058809,4364,12131,1436756,0,0,8
1059457,4316,11994,1436293,0,0,8
1060113,4270,11857,1435819,0,0,8
1060777,4226,11721,1435336,0,0,8
1061448,4184,11586,1434842,0,0,8
1062127,4142,11453,1434339,0,0,8
1062814,4099,11322,1433825,0,0,8
1063508,4056,11195,1433301,0,0,8
1064210,4013,11070,1432767,0,0,8
1064919,3969,10949,1432223,0,0,8
1065636,3924,10831,1431670,0,0,8
1066359,3879,10715,1431107,0,0,8
1067090,3834,10602,1430535,0,0,8
1067827,3790,10489,1429954,0,0,8
1068570,3748,10377,1429365,0,0,8
1069319,3709,10264,1428768,0,0,8
1070074,3673,10150,1428163,0,0,8
1070835,3638,10037,1427550,0,0,8
1071602,3604,9925,1426929,0,0,8
1072375,3569,9816,1426300,0,0,8
1073154,3533,9710,1425663,0,0,8
1073940,3498,9606,1425017,0,0,8
1074731,3461,9504,1424363,0,0,8
1075528,3424,9405,1423702,0,0,8
1076331,3388,9308,1423033,0,0,8
1077139,3352,9212,1422357,0,0,8
1077953,3318,9116,1421674,0,0,8
1078771,3286,9019,1420984,0,0,8
1079594,3255,8923,1420288,0,0,8
1080422,3225,8829,1419585,0,0,8
1081255,3194,8736,1418875,0,0,8
1082093,3164,8645,1418158,0,0,8
1082937,3133,8556,1417434,0,0,8
1083785,3102,8469,1416704,0,0,8
1084637,3071,8383,1415968,0,0,8
1085495,3041,8299,1415225,0,0,8
1086357,3011,8216,1414476,0,0,8
1087223,2981,8134,1413722,0,0,8
1088093,2953,8052,1412961,0,0,8
1088968,2927,7970,1412196,0,0,8
1089846,2901,7889,1411424,0,0,8
1090729,2875,7810,1410647,0,0,8
1091615,2849,7732,1409864,0,0,8
1092506,2823,7655,1409076,0,0,8
1093401,2796,7580,1408283,0,0,8
1094300,2770,7507,1407483,0,0,8
1095203,2743,7435,1406679,0,0,8
1096109,2717,7364,1405870,0,0,8
1097019,2691,7295,1405055,0,0,8
1097932,2666,7226,1404236,0,0,8
1098849,2642,7157,1403412,0,0,8
1099769,2619,7088,1402584,0,0,8
1100692,2598,7019,1401752,0,0,8
1101618,2577,6950,1400915,0,0,8
1102547,2556,6883,1400073,0,0,8
1103480,2535,6818,1399227,0,0,8
1104416,2513,6754,1398377,0,0,8
1105356,2491,6692,1397522,0,0,8
1106298,2468,6631,1396662,0,0,8
1107244,2445,6572,1395798,0,0,8
1108193,2422,6515,1394930,0,0,8
1109145,2399,6458,1394058,0,0,8
1110099,2377,6402,1393183,0,0,8
1111055,2356,6345,1392304,0,0,8
1112014,2337,6287,1391421,0,0,8
1112975,2320,6229,1390536,0,0,8
1113939,2302,6172,1389647,0,0,8
1114905,2285,6116,1388754,0,0,8
1115874,2267,6061,1387857,0,0,8
1116846,2249,6008,1386957,0,0,8
1117820,2231,5956,1386053,0,0,8
1118797,2212,5905,1385146,0,0,8
1119776,2193,5856,1384236,0,0,8
1120757,2174,5807,1383322,0,0,8
1121740,2156,5758,1382405,0,0,8
1122725,2139,5710,1381486,0,0,8
1123712,2124,5660,1380564,0,0,8
1124701,2108,5612,1379639,0,0,8
1125692,2093,5564,1378711,0,0,8
1126685,2078,5517,1377780,0,0,8
1127680,2062,5471,1376847,0,0,8
1128677,2046,5427,1375910,0,0,8
1129676,2031,5383,1374971,0,0,8
1130677,2015,5340,1374029,0,0,8
1131679,1999,5298,1373084,0,0,8
1132684,1983,5256,1372137,0,0,8
1133689,1969,5214,1371188,0,0,8
1134697,1955,5172,1370236,0,0,8
1135705,1942,5130,1369283,0,0,8
1136716,1929,5089,1368327,0,0,8
1137728,1915,5049,1367368,0,0,8
1138741,1902,5009,1366407,0,0,8
1139756,1889,4971,1365444,0,0,8
1140772,1875,4933,1364479,0,0,8
1141790,1862,4896,1363512,0,0,8
1142810,1848,4860,1362542,0,0,8
1143831,1834,4825,1361571,0,0,8
1144853,1821,4789,1360597,0,0,8
1145876,1808,4754,1359622,0,0,8
1146900,1796,4719,1358645,0,0,8
1147925,1785,4683,1357667,0,0,8
1148951,1775,4648,1356686,0,0,8
1149979,1764,4613,1355704,0,0,8
1151007,1754,4579,1354721,0,0,8
1152037,1743,4546,1353735,0,0,8
1153068,1731,4513,1352748,0,0,8
1154100,1720,4482,1351758,0,0,8
1155133,1708,4452,1350767,0,0,8
1156167,1696,4422,1349775,0,0,8
1157202,1683,4394,1348781,0,0,8
1158238,1671,4365,1347785,0,0,8
1159275,1660,4336,1346789,0,0,8
1160312,1650,4307,1345791,0,0,8
1161350,1641,4277,1344792,0,0,8
1162389,1633,4247,1343792,0,0,8
1163428,1624,4217,1342791,0,0,8
1164468,1615,4189,1341788,0,0,8
1165509,1606,4161,1340784,0,0,8
1166551,1597,4134,1339778,0,0,8
1167593,1587,4108,1338772,0,0,8
1168637,1577,4083,1337764,0,0,8
1169681,1567,4058,1336755,0,0,8
1170725,1557,4033,1335744,0,0,8
1171770,1548,4008,1334733,0,0,8
1172815,1540,3983,1333722,0,0,8
1173861,1533,3957,1332709,0,0,8
1174907,1525,3932,1331696,0,0,8
1175954,1517,3908,1330681,0,0,8
1177001,1509,3884,1329665,0,0,8
1178049,1501,3861,1328649,0,0,8
1179097,1493,3838,1327632,0,0,8
1180145,1485,3816,1326613,0,0,8
1181195,1477,3795,1325594,0,0,8
1182244,1469,3773,1324574,0,0,8
1183294,1461,3752,1323554,0,0,8
1184343,1454,3731,1322533,0,0,8
1185393,1447,3709,1321511,0,0,8
1186443,1440,3688,1320489,0,0,8
1187494,1434,3667,1319466,0,0,8
1188545,1427,3646,1318442,0,0,8
1189596,1421,3626,1317418,0,0,8
1190647,1414,3606,1316393,0,0,8
1191698,1407,3588,1315367,0,0,8
1192750,1400,3569,1314341,0,0,8
1193802,1393,3551,1313314,0,0,8
1194854,1385,3533,1312287,0,0,8
1195906,1379,3516,1311260,0,0,8
1196958,1372,3498,1310232,0,0,8
1198010,1367,3480,1309204,0,0,8
1199062,1362,3461,1308175,0,0,8
1200113,1357,3443,1307147,0,0,8
1201165,1352,3425,1306118,0,0,8
1202217,1347,3408,1305088,0,0,8
1203269,1341,3391,1304058,0,0,8
1204321,1335,3375,1303028,0,0,8
1205374,1329,3360,1301997,0,0,8
1206426,1323,3345,1300966,0,0,8
1207478,1316,3331,1299935,0,0,8
1208530,1310,3317,1298903,0,0,8
1209582,1304,3303,1297871,0,0,8
1210634,1299,3288,1296840,0,0,8
1211685,1294,3273,1295808,0,0,8
1212735,1291,3257,1294777,0,0,8
1213786,1287,3241,1293745,0,0,8
1214837,1284,3226,1292713,0,0,8
1215887,1280,3212,1291681,0,0,8
1216937,1275,3198,1290649,0,0,8
1217988,1271,3185,1289617,0,0,8
1219038,1265,3173,1288584,0,0,8
1220088,1260,3161,1287551,0,0,8
1221138,1254,3150,1286519,0,0,8
1222187,1248,3139,1285486,0,0,8
1223236,1243,3127,1284453,0,0,8
1224285,1240,3115,1283421,0,0,8
1225333,1237,3102,1282389,0,0,8
1226380,1234,3089,1281357,0,0,8
1227427,1231,3076,1280326,0,0,8
1228474,1228,3064,1279294,0,0,8
1229521,1225,3052,1278262,0,0,8
1230567,1221,3042,1277230,0,0,8
1231613,1217,3031,1276199,0,0,8
1232659,1212,3021,1275167,0,0,8
1233705,1208,3012,1274136,0,0,8
1234750,1204,3002,1273104,0,0,8
1235794,1200,2993,1272073,0,0,8
1236837,1197,2982,1271043,0,0,8
1237881,1195,2972,1270013,0,0,8
1238923,1192,2961,1268983,0,0,8
1239965,1190,2951,1267953,0,0,8
1241007,1187,2942,1266924,0,0,8
1242049,1184,2933,1265895,0,0,8
1243089,1181,2924,1264866,0,0,8
1244130,1178,2916,1263837,0,0,8
1245170,1175,2907,1262808,0,0,8
1246209,1171,2899,1261780,0,0,8
1247248,1169,2891,1260752,0,0,8
1248286,1166,2883,1259725,0,0,8
1249323,1164,2874,1258698,0,0,8
1250359,1162,2866,1257672,0,0,8
1251396,1160,2858,1256646,0,0,8
1252431,1158,2850,1255621,0,0,8
1253466,1156,2843,1254595,0,0,8
1254500,1154,2836,1253570,0,0,8
1255534,1151,2829,1252546,0,0,8
1256567,1148,2823,1251522,0,0,8
1257600,1146,2816,1250498,0,0,8
1258631,1143,2810,1249475,0,0,8
1259662,1141,2804,1248453,0,0,8
1260693,1140,2797,1247431,0,0,8
1261722,1138,2790,1246409,0,0,8
1262751,1137,2784,1245389,0,0,8
1263779,1136,2777,1244368,0,0,8
1264806,1135,2771,1243349,0,0,8
1265832,1133,2765,1242330,0,0,8
1266858,1131,2760,1241311,0,0,8
1267883,1129,2755,1240292,0,0,8
1268908,1127,2750,1239275,0,0,8
1269932,1125,2746,1238258,0,0,8
1270955,1123,2741,1237241,0,0,8
1271977,1121,2737,1236225,0,0,8
1272998,1120,2733,1235210,0,0,8
1274018,1119,2728,1234196,0,0,8
1275037,1118,2722,1233182,0,0,8
1276055,1118,2717,1232169,0,0,8
1277073,1118,2712,1231157,0,0,8
1278090,1118,2707,1230145,0,0,8
1279106,1117,2703,1229134,0,0,8
1280121,1116,2699,1228124,0,0,8
1281135,1115,2696,1227114,0,0,8
1282149,1113,2694,1226105,0,0,8
1283162,1111,2691,1225096,0,0,8
1284174,1109,2689,1224088,0,0,8
1285185,1107,2687,1223081,0,0,8
1286194,1106,2684,1222075,0,0,8
1287203,1106,2681,1221070,0,0,8
1288211,1106,2677,1220066,0,0,8
1289217,1106,2674,1219062,0,0,8
1290223,1106,2671,1218059,0,0,8
1291228,1106,2669,1217057,0,0,8
1292232,1106,2666,1216056,0,0,8
1293235,1106,2664,1215056,0,0,8
