(S) Susceptiveis, (E) Expostos, (I) Infectados, (R) Recuperados, (S) Re-Susceptiveis, (D_E) Expostos detectados, (D_I) Infectados detectados
9981,1,11,2,0,0,5
9975,4,13,3,0,0,5
9968,8,16,3,0,0,5
9963,10,17,5,0,0,5
9958,13,16,8,0,0,5
9955,12,17,10,0,0,6
9952,10,20,12,0,0,6
9944,17,20,13,0,0,6
9940,18,20,16,0,0,6
9934,22,20,18,0,0,6
9933,15,27,18,0,1,6
9931,13,27,21,0,2,6
9929,11,25,25,2,2,6
9927,12,20,30,2,2,7
9924,13,17,32,2,5,7
9921,14,17,35,1,5,7
9917,14,19,36,1,6,7
9914,12,22,37,1,7,7
9910,14,20,41,2,6,7
9905,16,21,43,2,6,7
9901,18,20,46,1,7,7
9895,21,22,47,1,7,7
9892,18,27,48,1,7,7
9890,17,23,49,3,11,7
9887,18,20,51,3,14,7
9886,15,19,54,4,15,7
9883,17,17,57,4,15,7
9880,16,20,58,3,16,7
9878,14,20,61,3,17,7
9875,15,18,64,4,17,7
9874,12,17,67,5,18,7
9871,14,15,69,4,20,7
9869,15,14,74,3,18,7
9865,15,16,76,4,17,7
9863,12,19,78,5,16,7
9859,15,19,81,4,15,7
9855,16,20,82,3,17,7
9851,18,20,86,3,15,7
9846,19,22,87,5,14,7
9842,19,24,89,6,13,7
9838,22,23,93,5,12,7
9834,21,26,94,6,12,7
9831,20,28,96,6,12,7
9828,20,28,99,5,13,7
9828,21,26,101,4,13,7
9826,22,26,102,3,14,7
9824,17,32,103,3,14,7
9822,19,27,107,1,17,7
9819,18,28,107,2,18,8
9816,19,25,112,3,17,8
9811,22,26,113,2,18,8
9810,17,31,116,2,16,8
9809,12,34,119,2,16,8
9806,12,33,121,2,18,8
9802,11,37,122,2,18,8
9797,14,39,124,1,17,8
9795,14,36,129,1,17,8
9793,13,37,132,1,16,8
9789,15,36,136,1,15,8
9784,21,34,137,1,15,8
9780,22,34,140,2,14,8
9778,17,40,141,2,14,8
9774,21,39,141,2,15,8
9771,19,41,143,4,14,8
9766,21,43,144,3,15,8
9763,21,43,146,2,17,8
9759,23,42,150,2,16,8
9755,22,46,151,2,16,8
9751,23,48,154,2,14,8
9746,26,47,156,2,15,8
9744,24,48,159,2,15,8
9737,30,48,161,2,14,8
9735,28,51,161,3,14,8
9733,27,51,164,1,16,8
9727,32,50,166,1,16,8
9725,31,50,167,3,16,8
9719,36,48,169,3,17,8
9719,33,49,171,3,17,8
9716,31,53,172,3,17,8
9713,32,50,176,3,18,8
9711,30,51,178,2,20,8
9709,30,48,181,2,22,8
9705,32,46,185,2,22,8
9700,34,47,187,3,21,8
9699,31,46,190,3,23,8
9698,27,47,191,4,25,8
9692,31,48,191,3,27,8
9688,33,49,194,3,25,8
9687,27,52,195,5,26,8
9682,31,50,199,5,25,8
9677,34,51,199,3,28,8
9673,35,51,202,3,28,8
9668,39,50,206,3,26,8
9665,39,51,209,3,24,9
9665,36,51,210,4,25,9
9662,36,54,213,3,23,9
9659,39,52,215,3,23,9
9655,40,53,218,3,22,9
9653,39,52,220,2,25,9
9651,35,54,221,5,25,9
9647,34,58,222,5,25,9
9642,37,58,225,5,24,9
9641,32,62,227,4,25,9
9633,40,61,229,4,24,9
9630,40,61,231,3,26,9
9625,43,61,232,2,28,9
9619,45,65,232,2,28,9
9615,44,70,233,2,27,9
9611,47,66,237,2,28,9
9609,44,65,240,5,28,9
9605,44,68,242,5,27,9
9603,41,72,244,5,26,9
9602,40,74,244,3,28,9
9599,40,73,246,3,30,9
9592,46,72,247,3,31,9
9587,48,73,248,3,32,9
9584,46,77,249,3,32,9
9575,55,77,250,3,31,9
9573,54,74,253,5,32,9
9569,55,73,254,6,34,9
9567,55,73,256,8,32,9
9566,52,73,260,8,32,9
9565,47,76,262,9,32,9
9562,47,75,265,9,33,9
9560,44,78,267,9,33,9
9553,51,75,270,9,33,9
9551,52,71,276,9,32,9
9546,54,72,278,10,31,9
9542,55,72,279,10,33,9
9539,58,67,283,10,34,9
9537,56,66,287,12,33,9
9533,59,64,289,11,35,9
9530,59,65,293,12,32,9
9527,61,63,298,12,30,9
9526,56,68,300,11,30,9
9525,53,68,302,10,33,9
9521,54,70,303,8,35,9
9519,52,72,306,8,34,9
9518,49,71,309,9,35,9
9515,49,72,311,8,36,9
9512,48,75,313,8,35,9
9506,52,76,314,8,35,9
9504,50,78,317,7,35,9
9501,50,76,321,8,35,9
9497,51,77,324,8,34,9
9494,52,76,327,8,34,9
9488,57,75,330,8,33,9
9487,54,75,332,8,35,9
9483,55,74,335,9,35,9
9479,54,78,335,9,36,9
9475,56,78,339,9,34,9
9470,58,79,341,10,33,9
9467,59,79,345,9,32,9
9463,61,79,348,8,32,9
9460,60,80,350,9,32,9
9456,60,81,352,10,32,9
9456,54,84,354,9,34,9
9453,53,84,356,11,34,9
9449,55,84,359,10,34,9
9447,55,81,363,10,35,9
9446,54,81,364,9,37,9
9445,50,83,366,8,39,9
9442,49,85,369,8,38,9
9436,54,85,371,8,37,9
9433,56,84,372,9,37,9
9430,58,82,375,7,39,9
9426,57,84,376,9,39,9
9424,55,84,379,9,40,9
9421,55,85,382,8,40,9
9420,51,86,382,8,44,9
9417,54,84,385,9,42,9
9413,57,81,386,9,45,9
9410,57,81,389,9,45,9
9407,56,83,391,9,45,9
9407,56,78,393,9,48,9
9403,57,78,396,11,46,9
9404,53,78,398,10,48,9
9402,51,80,401,9,48,9
9397,54,81,402,7,50,9
9392,59,79,405,6,50,9
9388,59,81,406,7,50,9
9384,59,83,408,8,49,9
9384,57,79,414,8,49,9
9382,56,78,417,8,50,9
9378,56,80,419,8,50,9
9374,58,80,423,8,48,9
9376,53,82,423,8,49,9
9371,54,85,424,8,49,9
9368,56,85,425,7,50,9
9364,58,86,429,7,47,9
9361,59,87,430,7,47,9
9358,58,88,432,7,48,9
9352,61,91,433,7,47,9
9349,60,91,436,8,47,9
9348,57,91,439,8,48,9
9347,54,92,441,6,51,9
9345,52,94,444,6,50,9
9342,52,93,446,6,52,9
9339,51,95,448,5,53,9
9333,56,93,451,5,53,9
9330,55,94,454,5,53,9
9329,50,97,457,6,52,9
9329,43,101,458,6,54,9
9323,49,99,461,5,54,9
9320,51,97,464,3,56,9
9317,49,99,464,4,58,9
9314,50,98,467,4,58,9
9312,53,98,468,4,56,9
9308,52,102,468,4,57,9
9306,49,103,470,5,58,9
9305,47,106,471,5,57,9
9303,46,106,474,5,57,9
9300,44,109,475,6,57,9
9293,50,109,477,6,56,9
9291,49,109,481,6,55,9
9289,48,109,484,4,57,9
9286,51,106,486,4,58,9
9281,53,106,488,5,58,9
9278,53,107,492,5,56,9
9275,54,108,492,5,57,9
9269,58,108,494,5,57,9
9267,56,111,494,6,57,9
9261,63,110,495,6,56,9
9254,68,111,496,6,56,9
9251,68,111,499,6,56,9
9247,71,111,500,6,56,9
9245,70,109,503,6,58,9
9242,71,108,506,5,59,9
9237,73,108,508,6,59,9
9234,76,106,508,5,62,9
9232,75,106,510,4,64,9
9228,76,106,512,4,65,9
9225,75,108,514,5,64,9
9221,75,110,515,6,64,9
9219,74,110,518,5,65,9
9214,78,107,522,5,65,9
9207,84,105,523,6,66,9
9204,83,105,526,8,65,9
9200,83,107,527,8,66,9
9196,84,107,530,8,66,9
9194,82,109,531,7,68,9
9191,80,111,532,8,69,9
9187,83,108,535,7,71,9
9183,85,106,538,8,71,9
9179,88,103,543,9,69,9
9175,89,105,545,9,68,9
9174,85,110,545,9,68,9
9171,86,109,548,8,69,9
9170,83,108,552,9,69,9
9169,83,107,554,8,70,9
9168,81,104,558,10,70,9
9168,76,103,560,11,73,9
9167,74,104,566,11,69,9
9166,73,105,568,11,68,9
9166,69,104,574,11,67,9
9161,71,105,575,11,68,9
9158,72,103,580,11,67,9
9157,73,100,583,11,67,9
9154,73,100,585,11,68,9
9152,71,100,588,12,68,9
9144,77,102,588,12,68,9
9143,76,103,589,11,69,9
9140,74,108,590,10,69,9
9136,79,105,590,9,72,9
9135,77,105,594,9,71,9
9130,79,107,596,9,70,9
9128,81,103,600,9,70,9
9127,78,103,603,10,70,9
9124,77,103,606,12,69,9
9123,72,107,606,11,72,9
9119,74,107,608,10,73,9
9118,72,106,613,11,71,9
9115,73,105,614,9,75,9
9113,72,105,618,9,74,9
9111,71,104,622,9,74,9
9109,70,102,626,9,75,9
9106,72,99,630,9,75,9
9103,71,101,633,9,74,9
9099,72,102,635,9,74,9
9097,70,104,638,8,74,9
9095,71,104,641,8,72,9
9095,68,105,643,8,72,9
9092,67,106,645,9,72,9
9089,67,107,648,8,72,9
9085,69,107,651,7,72,9
9082,70,106,652,5,76,9
9081,65,111,655,5,74,9
9079,65,109,659,5,74,9
9076,64,111,661,4,75,9
9073,63,114,663,4,74,9
9069,65,112,664,4,77,9
9069,63,113,668,4,74,9
9064,67,111,672,4,73,9
9063,65,109,676,4,74,9
9059,66,110,678,4,74,9
9055,67,111,681,4,73,9
9053,64,112,682,5,75,9
9050,67,106,687,5,76,9
9048,66,104,692,6,75,9
9042,70,104,693,7,75,9
9037,71,105,694,9,75,9
9031,75,107,696,9,73,9
9030,73,104,701,11,72,9
9027,72,105,702,11,74,9
9023,74,104,706,12,72,9
9023,71,105,707,12,73,9
9022,69,101,711,14,74,9
9019,69,100,715,15,73,9
9014,73,99,719,15,71,9
9011,72,101,722,16,69,9
9007,75,98,726,15,70,9
9006,73,96,730,15,71,9
9004,71,97,733,16,70,9
9002,69,98,735,16,71,9
8997,73,96,736,15,74,9
8993,74,96,739,16,73,9
8991,71,99,742,16,72,9
8988,71,102,744,14,72,9
8983,74,102,747,14,71,9
8980,75,100,750,14,72,9
8978,75,98,753,14,73,9
8975,76,100,753,13,74,9
8971,77,101,755,13,74,9
8967,78,101,756,13,76,9
8963,78,104,758,13,75,9
8958,80,105,760,14,74,9
8954,81,106,763,15,72,9
8952,77,111,764,15,72,9
8952,72,113,764,17,73,9
8950,70,115,766,17,73,9
8946,71,119,765,17,73,9
8942,72,121,766,15,75,9
8937,76,122,770,15,71,9
8932,80,122,773,15,69,9
8929,79,121,775,17,70,9
8927,81,117,779,18,69,9
8925,81,115,785,18,67,9
8922,80,115,787,19,68,9
8920,77,116,788,21,69,9
8918,78,113,795,21,66,9
8916,76,114,797,20,68,9
8915,74,113,800,19,70,9
8915,72,106,806,20,72,9
8911,73,106,809,20,72,9
8909,71,107,811,20,73,9
8907,70,107,815,21,71,9
8905,70,107,816,22,71,9
8902,71,108,817,23,70,9
8900,70,106,819,23,73,9
8900,66,102,824,26,73,9
8896,70,97,827,25,76,9
8893,71,95,832,26,74,9
8892,68,95,835,26,75,9
8889,69,94,839,26,74,9
8887,71,90,842,24,77,9
8886,67,90,845,26,77,9
8885,67,88,849,26,76,9
8885,64,89,849,26,78,9
8883,64,85,851,26,82,9
8879,66,86,853,24,83,9
8877,66,84,856,23,85,9
8877,65,81,863,24,81,9
8874,65,81,865,24,82,9
8870,66,83,868,24,80,9
8869,66,77,872,23,84,9
8864,70,76,874,22,85,9
8864,65,78,878,23,82,10
8863,64,78,880,25,79,11
8860,63,81,881,23,81,11
8855,66,81,883,23,81,11
8854,64,81,889,24,77,11
8853,60,82,890,25,79,11
8847,65,80,892,25,80,11
8847,61,81,893,26,81,11
8842,63,83,893,25,83,11
8840,59,85,895,28,82,11
8835,61,85,897,29,82,11
8830,64,86,899,28,82,11
8828,63,87,899,29,83,11
8824,64,88,901,29,83,11
8825,60,90,903,28,83,11
8821,63,90,906,27,82,11
8818,62,92,908,27,82,11
8813,63,96,909,27,81,11
8811,60,97,911,29,81,11
8806,62,98,911,29,83,11
8803,62,99,913,29,83,11
8800,63,100,917,28,81,11
8797,67,96,918,27,84,11
8794,70,93,922,25,85,11
8791,71,92,924,23,88,11
8788,72,91,927,22,89,11
8783,75,92,929,21,89,11
8780,76,92,932,21,88,11
8778,75,94,936,20,86,11
8776,74,94,938,18,89,11
8774,73,92,942,19,89,11
8770,74,94,944,19,88,11
8767,74,96,947,19,86,11
8765,74,96,951,18,85,11
8761,75,95,954,19,85,11
8759,77,92,961,18,82,11
8757,75,90,963,20,84,11
8757,72,92,964,20,84,11
8755,71,91,968,21,83,11
8752,71,92,971,21,82,11
8750,70,91,974,20,84,11
8748,72,88,976,20,85,11
8745,73,89,976,20,86,11
8744,67,93,978,22,85,11
8740,68,94,980,21,86,11
8739,68,94,982,20,86,11
8736,68,94,984,20,87,11
8734,66,95,986,19,89,11
8732,67,93,991,19,87,11
8730,67,94,993,19,86,11
8730,64,94,995,20,86,11
8724,69,94,998,21,83,11
8722,68,93,1002,21,83,11
8719,66,96,1002,21,85,11
8718,65,95,1002,21,88,11
8717,63,96,1007,20,86,11
8713,63,98,1008,20,87,11
8711,64,95,1014,20,85,11
8708,63,97,1016,19,86,11
8704,65,96,1018,18,88,11
8702,63,100,1020,16,88,11
8702,60,104,1021,14,88,11
8698,64,102,1025,13,87,11
8692,67,104,1026,14,86,11
8690,66,104,1029,13,87,11
8688,68,99,1034,13,87,11
8682,73,98,1037,13,86,11
8681,72,98,1038,13,87,11
8679,70,101,1040,11,88,11
8676,69,102,1041,12,89,11
8674,65,106,1043,12,89,11
8671,66,106,1048,13,85,11
8666,69,105,1049,14,86,11
8662,72,103,1052,13,87,11
8663,71,103,1054,13,85,11
8659,71,105,1055,13,86,11
8657,71,102,1060,13,86,11
8655,71,99,1063,13,88,11
8653,71,95,1068,14,88,11
8650,72,92,1072,15,88,11
8646,73,94,1074,14,88,11
8645,70,97,1078,13,86,11
8642,72,97,1079,12,87,11
8639,71,99,1081,12,87,11
8637,71,99,1083,14,85,11
8634,71,100,1086,14,84,11
8631,74,99,1087,13,85,11
8630,72,99,1091,12,85,11
8628,72,99,1095,11,84,11
8625,70,103,1096,11,84,11
8621,73,102,1096,12,85,11
8616,75,102,1098,13,85,11
8609,80,103,1099,13,85,11
8610,76,105,1102,13,83,11
8609,74,105,1103,14,84,11
8607,72,107,1107,14,82,11
8603,72,110,1108,14,82,11
8600,69,114,1109,16,81,11
8597,72,111,1109,16,84,11
8593,73,112,1110,16,85,11
8591,72,111,1114,16,84,12
8588,74,108,1117,14,87,12
8585,73,110,1119,14,87,12
8583,76,110,1120,14,85,12
8582,75,107,1125,15,84,12
8581,73,105,1129,15,85,12
8577,75,104,1132,14,86,12
8573,75,108,1134,14,84,12
8572,74,108,1136,13,85,12
8571,75,106,1139,13,84,12
8570,71,109,1143,13,82,12
8565,75,108,1146,12,82,12
8561,78,106,1149,10,84,12
8559,76,110,1149,11,83,12
8557,75,108,1153,11,84,12
8553,77,107,1155,12,84,12
8552,74,109,1157,11,85,12
8548,74,111,1159,13,83,12
8547,74,107,1161,14,85,12
8543,76,109,1160,14,86,12
8541,75,108,1163,15,86,12
8538,75,108,1166,15,86,12
8532,80,107,1167,15,87,12
8528,81,106,1170,16,87,12
8526,80,107,1169,17,89,12
8524,80,107,1173,15,89,12
8521,80,108,1177,15,87,12
8517,81,107,1179,16,88,12
8516,78,111,1180,16,87,12
8513,79,108,1184,17,87,12
8507,84,108,1185,16,88,12
8502,89,108,1186,16,87,12
8497,93,106,1186,15,91,12
8493,94,108,1187,14,92,12
8489,94,111,1188,13,93,12
8486,94,111,1192,13,92,12
8483,96,113,1192,11,93,12
8481,93,115,1194,11,94,12
8479,93,116,1196,11,93,12
8479,91,116,1197,10,95,12
8477,86,122,1197,10,96,12
8476,83,125,1201,10,93,12
8473,83,125,1204,10,93,12
8468,87,123,1206,10,94,12
8467,82,126,1208,10,95,12
8465,80,127,1211,11,94,12
8464,81,130,1208,11,94,12
8462,79,131,1211,11,94,12
8457,82,130,1213,12,94,12
8454,84,130,1214,11,95,12
8450,82,134,1214,13,95,12
8449,81,132,1221,13,92,12
8447,80,132,1225,13,91,12
8447,76,132,1230,13,90,12
8446,72,136,1233,13,88,12
8441,75,137,1235,13,87,12
8440,73,134,1239,14,88,12
8437,74,134,1242,12,89,12
8434,73,134,1245,13,89,12
8431,73,135,1245,11,92,13
8428,75,132,1249,12,91,13
8427,74,132,1250,13,91,13
8426,74,135,1250,13,89,13
8420,77,136,1251,15,88,13
8415,81,134,1252,15,90,13
8413,77,136,1254,17,90,13
8411,75,137,1257,18,89,13
8407,75,140,1259,18,88,13
8402,79,140,1262,17,87,13
8402,78,140,1268,14,85,13
8399,79,141,1269,15,84,13
8396,78,143,1272,15,83,13
8393,80,138,1275,15,86,13
8390,82,137,1275,15,88,13
8385,85,137,1277,15,88,13
8382,86,135,1280,15,89,13
8377,87,136,1280,17,90,13
8373,86,138,1280,19,91,13
8369,88,137,1283,19,91,13
8365,90,136,1286,19,91,13
8362,92,135,1286,19,93,13
8362,89,133,1292,20,91,13
8361,90,128,1295,20,93,13
8357,92,128,1298,20,92,13
8358,89,132,1297,19,91,14
8354,90,132,1299,20,91,14
8353,89,135,1298,20,91,14
8347,93,137,1299,19,91,14
8345,90,139,1302,19,91,14
8342,89,140,1302,19,94,14
8338,91,139,1305,19,94,14
8335,91,141,1309,19,91,14
8330,94,140,1311,19,92,14
8327,95,138,1313,19,94,14
8327,91,138,1317,18,95,14
8324,93,137,1318,18,96,14
8319,96,136,1321,18,96,14
8317,96,134,1325,18,96,14
8315,94,134,1328,19,96,14
8312,93,135,1328,19,99,14
8308,94,137,1330,18,99,14
8305,94,136,1334,18,99,14
8304,93,136,1336,18,99,14
8303,91,133,1338,18,103,14
8298,93,135,1340,18,102,14
8297,92,132,1345,19,101,14
8293,92,135,1347,19,100,14
8293,88,138,1349,19,99,14
8291,86,137,1350,21,101,14
8286,90,135,1353,22,100,14
8284,90,133,1358,21,100,14
8281,92,132,1360,22,99,14
8277,92,134,1360,22,101,14
8278,90,133,1363,19,103,14
8272,94,132,1365,20,103,14
8265,98,134,1365,21,103,14
8260,100,136,1366,21,103,14
8257,101,136,1368,20,104,14
8253,103,135,1372,20,103,14
8250,103,136,1374,19,104,14
8249,103,136,1380,18,100,14
8247,104,135,1383,18,99,14
8244,103,135,1384,19,101,14
8241,103,135,1387,18,102,14
8240,102,132,1391,17,104,14
8237,101,132,1394,19,103,14
8236,100,129,1399,19,103,14
8233,100,127,1402,21,103,14
8230,99,129,1404,20,104,14
8228,97,131,1407,20,103,14
8226,94,133,1410,21,102,14
8223,94,134,1412,20,103,14
8220,94,137,1412,20,103,14
8218,91,140,1415,21,101,14
8214,92,140,1417,21,102,14
8213,92,135,1424,21,101,14
8211,87,141,1425,22,100,14
8211,88,139,1426,21,101,14
8210,87,137,1430,21,100,15
8206,88,140,1431,19,101,15
8202,87,143,1431,20,102,15
8201,84,141,1434,21,104,15
8198,84,141,1438,22,102,15
8195,84,142,1440,22,102,15
8194,86,138,1444,21,101,16
8190,87,139,1446,20,102,16
8190,79,144,1447,21,103,16
8186,82,142,1449,20,105,16
8185,81,141,1448,20,109,16
8183,76,148,1448,19,110,16
8178,78,148,1449,20,111,16
8177,73,152,1452,21,109,16
8174,73,156,1452,21,108,16
8171,72,160,1454,20,107,16
8167,73,159,1456,21,108,16
8164,73,159,1457,20,111,16
8159,77,158,1460,19,111,16
8157,75,160,1463,18,111,16
8155,73,163,1465,17,111,16
8151,74,165,1467,16,111,16
8145,79,164,1470,16,110,16
8142,80,163,1473,15,111,16
8137,84,160,1476,16,111,16
8134,84,161,1480,17,108,16
8135,80,163,1483,17,106,16
8135,79,161,1484,15,110,16
8133,81,159,1485,13,113,16
8131,79,159,1489,14,112,16
8127,80,160,1491,14,112,16
8125,81,159,1497,13,109,16
8125,77,158,1502,14,108,16
8123,75,162,1502,14,108,16
8122,73,164,1503,14,108,16
8120,71,165,1506,14,108,16
8115,74,165,1509,14,107,16
8112,74,165,1511,14,108,16
8108,76,163,1513,15,108,17
8102,81,161,1515,16,108,17
8099,81,160,1515,16,112,17
8096,81,160,1517,15,114,17
8095,79,159,1522,16,112,17
8092,78,162,1524,15,112,17
8090,77,162,1526,15,113,17
8087,77,161,1529,15,114,17
8081,83,158,1532,15,114,17
8079,80,159,1535,16,114,17
8074,84,157,1539,16,113,17
8070,87,155,1540,15,116,17
8069,84,159,1540,15,116,17
8064,86,160,1541,16,116,17
8062,84,161,1545,17,114,17
8057,88,162,1545,17,114,17
8055,86,164,1549,17,112,17
8053,85,162,1551,18,114,17
8052,85,159,1555,20,112,17
8048,86,159,1557,21,112,17
8047,83,161,1561,22,109,17
8042,86,162,1563,22,108,17
8042,86,158,1568,22,107,17
8040,85,156,1571,22,109,17
8039,82,156,1575,22,109,17
8040,78,154,1576,24,111,17
8038,75,152,1579,28,111,17
8034,77,151,1582,27,112,17
8028,81,151,1584,27,112,17
8024,84,152,1584,27,112,17
8024,83,149,1586,27,114,17
8023,79,151,1590,27,113,17
8020,78,154,1591,26,114,17
8019,77,150,1595,25,117,17
8015,80,150,1597,23,117,18
8013,79,148,1601,25,116,18
8011,80,144,1608,26,113,18
8007,83,142,1612,27,111,18
8007,83,139,1617,27,109,18
8005,82,139,1620,26,110,18
8003,82,138,1625,26,108,18
8000,84,135,1628,26,109,18
7997,85,133,1632,28,107,18
7997,84,135,1635,26,105,18
7996,79,139,1638,26,104,18
7994,77,140,1641,26,104,18
7995,75,140,1642,25,105,18
7991,77,140,1643,24,107,18
7986,78,143,1644,24,107,18
7979,84,142,1645,25,107,18
7978,83,144,1645,22,110,18
7974,84,144,1646,22,112,18
7971,85,142,1650,21,113,18
7969,84,143,1653,20,113,18
7966,85,145,1657,19,110,18
7963,87,142,1661,17,112,18
7963,87,141,1661,17,113,18
7958,90,140,1662,18,114,18
7956,87,141,1664,20,114,18
7953,88,140,1667,19,115,18
7954,88,138,1671,19,112,18
7951,90,133,1675,20,113,18
7947,91,135,1678,20,111,18
7945,91,132,1681,21,112,18
7943,90,133,1685,20,111,18
7940,90,134,1688,20,110,18
7936,91,134,1688,20,113,18
7935,88,138,1692,19,110,18
7934,89,135,1694,18,112,18
7932,88,135,1697,18,112,18
7929,91,132,1699,18,113,18
7924,94,131,1702,19,112,18
7923,93,129,1703,16,118,18
7920,92,129,1705,17,119,18
7921,86,132,1707,17,119,18
7918,85,136,1709,16,118,18
7918,83,133,1716,15,117,18
7917,80,136,1720,15,114,18
7912,83,136,1722,16,113,18
7908,82,138,1723,18,113,18
7903,85,138,1726,18,112,18
7902,86,135,1728,17,114,18
7899,86,134,1731,17,115,18
7897,86,131,1734,16,118,18
7897,85,131,1734,16,119,18
7895,85,129,1738,15,120,18
7891,86,130,1739,15,120,19
7889,84,133,1743,15,117,19
7888,78,139,1745,15,116,19
7886,78,137,1749,15,116,19
7882,80,136,1750,15,118,19
7881,81,133,1753,14,119,19
7880,77,133,1756,15,120,19
7877,77,134,1760,15,118,19
7874,79,134,1762,15,117,19
7872,79,134,1763,15,118,19
7868,81,133,1767,16,116,19
7865,83,134,1768,16,115,19
7864,78,135,1770,19,115,19
7861,77,136,1772,19,116,19
7857,78,137,1774,19,116,19
7852,82,135,1778,20,114,19
7850,82,136,1778,20,115,19
7848,80,137,1780,20,116,19
7846,79,136,1784,20,116,19
7843,80,136,1786,19,117,19
7842,78,136,1791,19,115,19
7838,81,135,1795,18,114,19
7835,80,138,1798,18,112,19
7835,77,141,1800,17,111,19
7832,76,141,1802,18,112,19
7829,77,140,1804,17,114,19
7827,77,136,1807,18,116,19
7825,76,135,1810,18,117,19
7823,77,133,1817,18,113,19
7821,74,135,1820,18,113,19
7818,74,135,1821,17,116,19
7815,75,133,1824,17,117,19
7812,76,133,1829,18,113,19
7811,72,134,1832,19,113,19
7808,73,132,1836,20,112,19
7805,73,132,1840,21,110,19
7803,74,130,1845,19,110,19
7800,76,129,1849,18,109,19
7796,77,128,1849,19,112,19
7794,78,126,1851,20,112,19
7791,80,126,1851,20,113,19
7787,79,131,1852,20,112,19
7783,82,128,1855,20,113,19
7782,77,131,1857,21,113,19
7780,76,131,1860,20,114,19
7779,73,131,1864,20,114,19
7775,75,128,1866,21,116,19
7774,75,126,1869,22,115,19
7770,77,124,1872,23,115,19
7767,76,126,1874,23,115,19
7766,76,122,1880,23,114,19
7765,75,124,1885,21,111,19
7763,76,120,1887,19,116,19
7759,77,121,1889,19,116,19
7754,79,124,1891,19,114,19
7752,82,121,1892,20,114,19
7749,79,123,1893,23,114,19
7746,80,122,1896,23,114,19
7746,77,121,1898,22,117,19
7741,80,121,1898,21,120,19
7736,83,121,1899,21,121,19
7734,81,119,1901,23,123,19
7732,81,116,1903,22,127,19
7729,82,115,1907,23,125,19
7726,84,117,1909,23,122,19
7722,86,116,1913,23,121,19
7721,86,117,1914,21,122,19
7720,84,116,1917,21,123,19
7716,86,116,1919,20,124,19
7715,85,118,1921,20,122,19
7714,82,121,1925,20,119,19
7711,82,121,1928,20,119,19
7709,83,119,1930,20,120,19
7707,82,120,1933,19,120,19
7707,80,119,1937,21,117,19
7704,83,117,1937,20,120,19
7703,82,117,1939,20,120,19
7702,79,116,1943,21,120,19
7703,76,117,1948,21,116,19
7699,77,116,1949,22,118,19
7695,80,116,1951,20,119,19
7692,80,116,1953,20,120,19
7689,79,114,1954,23,122,19
7686,78,116,1956,23,122,19
7682,79,116,1958,23,123,19
7679,78,117,1961,24,122,19
7678,75,116,1966,26,120,19
7674,78,113,1967,25,124,19
7675,73,116,1968,24,125,19
7674,71,116,1972,24,123,20
7670,75,114,1978,24,119,20
7665,80,112,1980,22,121,20
7660,84,111,1981,20,124,20
7659,81,110,1984,21,125,20
7659,77,110,1989,23,122,20
7656,77,109,1991,24,123,20
7655,76,109,1992,23,125,20
7653,78,108,1996,24,121,20
7651,77,108,1998,24,122,20
7650,77,107,2001,24,121,20
7650,76,104,2004,25,121,20
7647,76,105,2007,26,119,20
7643,79,104,2010,25,119,20
7639,82,104,2013,24,118,20
7632,88,105,2015,24,116,20
7631,87,104,2018,23,117,20
7628,90,103,2020,23,116,20
7625,88,105,2021,25,116,20
7621,90,104,2023,25,117,20
7619,88,107,2027,25,114,20
7617,85,108,2029,27,114,20
7616,84,107,2031,28,114,20
7614,83,110,2031,28,114,20
7612,82,110,2034,28,114,20
7608,81,114,2035,29,113,20
7606,81,112,2040,30,111,20
7605,78,112,2045,30,110,20
7604,74,114,2047,30,111,20
7601,77,114,2045,31,112,20
7597,78,113,2048,32,112,20
7594,79,113,2050,30,114,20
7593,76,113,2052,30,116,20
7588,80,112,2053,29,118,20
7588,80,111,2055,27,119,20
7586,77,113,2058,28,118,20
7582,78,114,2059,28,119,20
7581,76,115,2061,29,118,20
7580,77,113,2065,28,117,20
7577,79,113,2070,27,114,20
7577,74,117,2071,28,113,20
7573,77,116,2074,27,113,20
7568,81,115,2075,25,116,20
7567,82,113,2077,24,117,20
7564,84,112,2079,21,120,20
7564,82,110,2082,22,120,20
7563,79,110,2085,22,121,20
7561,79,111,2090,21,118,20
7557,81,111,2092,21,118,20
7551,85,112,2093,21,118,20
7550,84,113,2093,20,120,20
7546,87,114,2097,19,117,20
7542,88,115,2099,20,116,20
7539,88,113,2100,21,119,20
7534,92,111,2104,22,117,20
7535,91,109,2104,21,120,20
7530,93,110,2106,21,120,20
7528,92,110,2108,21,121,20
7524,93,112,2111,21,119,20
7522,94,110,2114,18,122,20
7521,92,110,2119,18,120,20
7519,95,109,2123,17,117,20
7518,92,108,2125,17,120,20
7518,88,108,2128,16,122,20
7516,88,109,2130,13,124,20
7511,90,111,2132,13,123,20
7510,88,109,2135,14,124,20
7508,86,109,2138,15,124,20
7507,85,109,2139,15,125,20
7506,82,111,2140,16,125,20
7503,81,113,2142,16,125,20
7501,83,112,2144,15,125,20
7498,82,112,2147,17,124,20
7495,82,111,2149,18,125,20
7493,80,112,2151,19,125,20
7491,79,111,2154,20,125,20
7489,77,114,2153,21,126,20
7485,82,114,2156,21,122,20
7482,82,117,2159,20,120,20
7481,78,120,2162,19,120,20
7479,76,121,2165,20,119,20
7479,76,119,2169,21,116,20
7479,73,120,2172,22,114,20
7478,71,122,2173,23,113,20
7475,71,121,2175,24,114,20
7471,73,119,2178,24,115,20
7466,75,121,2180,25,113,20
7465,72,122,2184,26,111,20
7464,71,123,2186,26,110,20
7462,69,123,2189,27,110,20
7459,68,123,2191,28,111,20
7457,67,124,2194,26,112,20
7456,66,123,2193,26,116,20
7455,63,124,2197,27,114,20
7455,62,123,2201,27,112,20
7454,61,123,2204,27,111,20
7450,63,125,2205,24,113,20
7449,63,124,2207,23,114,20
7449,62,122,2209,22,116,20
7446,61,123,2209,22,119,20
7445,60,121,2214,22,117,21
7443,61,117,2218,21,119,21
7440,64,115,2220,21,119,21
7436,66,116,2223,20,118,21
7433,67,112,2226,21,120,21
7431,66,112,2229,21,120,21
7430,64,109,2232,21,123,21
7428,63,106,2236,23,123,21
7427,60,105,2240,25,122,21
7424,63,105,2241,23,123,21
7422,63,102,2246,25,121,21
7422,62,99,2248,25,123,21
7422,59,99,2249,22,128,21
7418,61,101,2252,21,126,21
7413,64,102,2253,20,127,21
7411,65,99,2258,20,126,21
7406,70,97,2262,19,125,21
7403,72,99,2263,18,124,21
7402,69,97,2267,20,124,21
7400,67,99,2269,18,126,21
7396,68,100,2271,18,126,21
7392,70,101,2273,17,126,21
7390,70,102,2275,18,124,21
7387,72,102,2275,18,125,21
7385,71,104,2276,19,124,21
7382,74,102,2278,20,123,21
7379,72,104,2280,22,122,21
7378,73,101,2284,22,121,21
7374,76,99,2288,21,121,21
7374,76,96,2292,22,119,21
7372,77,97,2294,22,117,21
7367,82,93,2296,22,119,21
7363,82,96,2297,22,119,21
7361,80,97,2300,22,119,21
7360,78,99,2301,22,119,21
7359,76,103,2301,20,120,21
7355,77,102,2304,21,120,21
7353,76,101,2307,21,121,21
7350,76,103,2311,21,118,21
7348,76,100,2316,22,117,21
7348,75,95,2320,20,121,21
7347,74,96,2322,19,121,21
7347,70,94,2326,22,120,21
7343,73,94,2330,21,118,21
7341,73,91,2335,23,116,21
7338,75,89,2335,24,118,21
7335,76,89,2338,23,118,21
7331,79,88,2342,23,116,21
7326,84,89,2343,23,114,21
7324,82,92,2346,22,113,21
7324,78,93,2347,23,114,21
7322,78,95,2348,22,114,21
7322,74,98,2349,22,114,21
7317,75,101,2350,22,114,21
7314,77,98,2354,22,114,21
7313,76,98,2356,21,115,21
7313,74,98,2359,18,117,21
7310,74,98,2362,19,116,21
7307,76,98,2362,18,118,21
7304,76,98,2366,19,116,21
7298,81,97,2368,19,116,21
7295,80,98,2370,19,117,21
7292,81,96,2374,19,117,21
7290,78,96,2376,22,117,21
7289,73,101,2375,24,117,21
7285,74,102,2377,24,117,21
7283,73,102,2381,23,117,21
7284,72,103,2381,21,118,21
7283,69,104,2383,20,120,21
7281,69,103,2389,21,116,21
7278,70,103,2392,20,116,21
7276,70,104,2392,19,118,21
7271,74,102,2394,19,119,21
7266,78,100,2397,19,119,21
7262,80,99,2398,19,121,21
7261,77,100,2401,18,122,21
7256,80,102,2403,17,121,21
7253,81,101,2406,17,121,21
7253,78,101,2411,16,120,21
7249,78,105,2413,16,118,21
7246,77,106,2415,17,118,21
7245,76,105,2418,18,117,21
7242,75,107,2419,17,118,22
7240,73,111,2421,15,118,22
7237,72,114,2424,15,116,22
7235,68,118,2425,15,117,22
7231,71,114,2428,15,119,22
7227,72,115,2430,15,119,22
7226,70,116,2432,16,118,22
7220,75,114,2435,17,117,22
7218,74,113,2439,17,117,22
7217,72,110,2442,18,119,22
7214,73,110,2447,18,116,22
7214,68,111,2452,20,113,22
7213,68,113,2452,21,111,22
7215,66,113,2454,20,110,22
7214,66,110,2457,20,111,22
7212,64,113,2459,18,112,22
7210,62,116,2462,17,111,22
7207,63,115,2465,17,111,22
7203,68,114,2467,17,109,22
7201,71,115,2466,15,110,22
7200,70,115,2469,17,107,22
7196,74,113,2470,17,108,22
7192,75,114,2472,16,109,22
7188,76,116,2474,15,109,22
7185,74,120,2476,15,108,22
7180,76,121,2478,16,107,22
7176,76,122,2480,17,107,22
7176,73,119,2485,17,108,22
7174,71,119,2486,17,111,22
7174,67,120,2487,19,111,22
7172,69,117,2491,19,110,22
7172,64,118,2495,19,110,22
7170,64,114,2500,20,110,22
7164,66,116,2500,22,110,22
7162,67,111,2504,22,112,22
7157,69,113,2505,22,112,22
7156,64,117,2506,21,114,22
7154,63,118,2509,19,115,22
7153,60,119,2511,19,116,22
7149,63,118,2515,19,114,22
7149,61,118,2517,20,113,22
7144,64,116,2520,22,112,22
7144,62,114,2523,22,113,22
7141,61,116,2526,23,111,22
7140,61,111,2533,23,110,22
7134,65,111,2535,24,109,22
7131,66,110,2538,24,109,22
7131,63,112,2540,23,109,22
7127,65,113,2543,22,108,22
7124,67,110,2545,21,111,22
7122,64,110,2545,23,114,22
7118,66,107,2548,24,115,22
7116,64,107,2548,24,119,22
7111,67,106,2549,24,121,22
7109,68,103,2553,23,122,22
7109,65,103,2556,24,121,22
7109,63,104,2558,24,120,22
7107,63,102,2560,22,124,22
7106,62,105,2560,19,126,22
7104,59,108,2562,19,126,22
7101,58,109,2565,20,125,22
7096,61,110,2567,20,124,22
7096,61,107,2572,20,122,22
7092,63,106,2575,20,122,22
7090,62,106,2579,20,121,22
7089,61,109,2580,19,119,23
7087,61,111,2582,20,116,23
7083,63,111,2585,19,116,23
7080,62,111,2588,20,116,23
7077,63,109,2593,20,115,23
7073,64,110,2595,20,115,23
7069,63,114,2596,21,114,23
7065,67,111,2601,20,113,23
7063,65,113,2605,20,111,23
7060,66,112,2609,19,111,23
7057,68,111,2609,19,113,23
7056,69,113,2608,17,114,23
7054,67,115,2611,17,113,23
7053,65,116,2614,15,114,23
7051,66,115,2616,16,113,23
7046,67,118,2616,16,114,23
7044,65,118,2619,17,114,23
7042,66,117,2619,16,117,23
7041,64,117,2622,15,118,23
7038,63,118,2625,16,117,23
7034,64,119,2627,16,117,23
7033,62,118,2632,17,115,23
7032,62,116,2638,16,113,23
7028,64,117,2642,16,110,23
7026,65,116,2645,18,107,23
7024,64,117,2646,19,107,23
7022,60,121,2646,19,109,23
7021,61,120,2651,19,105,23
7016,65,122,2651,19,104,23
7016,64,117,2656,18,106,23
7013,63,117,2659,19,106,23
7011,64,115,2660,20,107,23
7008,63,117,2662,20,107,23
7006,65,114,2667,18,107,23
7004,64,112,2668,18,111,23
7002,60,113,2669,21,112,23
7000,63,110,2672,20,112,23
6997,65,107,2677,20,111,23
6994,66,105,2680,20,112,23
6989,71,101,2683,19,114,23
6990,70,98,2686,20,113,23
6986,72,97,2688,19,115,23
6985,72,94,2691,19,116,23
6984,69,96,2695,19,114,23
6980,71,97,2697,17,115,23
6980,68,92,2701,19,117,23
6979,65,92,2704,20,117,23
6976,62,96,2704,21,118,23
6975,61,98,2706,20,117,23
6971,62,100,2709,20,115,23
6969,60,103,2712,19,114,23
6967,60,105,2712,18,115,23
6965,59,107,2714,16,116,23
6964,55,108,2718,18,114,23
6962,57,106,2724,17,111,23
6962,58,100,2726,15,116,23
6960,56,98,2727,17,119,23
6959,54,101,2729,17,117,23
6957,56,100,2731,16,117,23
6956,50,103,2732,18,118,23
6954,49,101,2737,18,118,23
6951,50,100,2742,19,115,23
6950,49,98,2745,18,117,23
6948,50,97,2747,19,116,23
6948,51,92,2751,18,117,23
6946,48,94,2750,22,117,23
6944,49,92,2751,19,122,23
6944,50,89,2753,20,121,23
6942,48,92,2756,20,119,23
6938,51,91,2759,18,120,23
6936,51,92,2762,16,120,23
6937,47,92,2764,17,120,23
6938,45,90,2769,17,118,23
6937,46,88,2773,14,119,23
6934,47,88,2777,15,116,23
6936,46,89,2777,14,115,23
6933,48,86,2783,15,112,23
6930,49,85,2786,15,112,23
6928,48,84,2789,15,113,23
6926,48,85,2791,15,112,23
6923,49,83,2795,15,112,23
6923,47,85,2795,17,110,23
6922,45,86,2796,18,110,23
6921,42,91,2797,18,108,23
6920,39,93,2799,16,110,23
6918,40,93,2801,15,110,23
6916,41,92,2803,14,111,23
6911,46,90,2805,12,113,23
6910,46,89,2809,13,110,23
6909,45,89,2809,13,112,23
6905,47,87,2812,14,112,23
6903,45,89,2815,14,111,23
6902,45,88,2819,15,108,23
6899,45,88,2822,16,107,23
6898,44,89,2825,17,104,23
6893,48,90,2825,17,104,23
6888,53,88,2829,16,103,23
6886,52,88,2833,17,101,23
6884,54,88,2832,17,102,23
6878,60,87,2834,16,101,24
6873,64,84,2836,16,103,24
6873,61,86,2838,16,102,24
6871,61,84,2843,16,101,24
6869,59,86,2846,17,99,24
6867,58,85,2849,16,101,24
6866,55,88,2852,15,100,24
6866,55,86,2856,14,99,24
6863,53,90,2857,14,99,24
6862,54,86,2858,14,101,25
6862,50,89,2859,15,100,25
6863,48,89,2859,15,101,25
6861,45,92,2862,16,99,25
6858,46,92,2866,15,98,25
6855,48,93,2867,15,97,25
6853,47,93,2869,15,98,25
6851,45,93,2873,15,98,25
6850,45,93,2877,16,94,25
6849,45,94,2877,17,93,25
6847,44,95,2880,16,93,25
6844,44,96,2882,14,95,25
6844,41,97,2883,15,95,25
6840,43,97,2887,16,92,25
6837,44,96,2890,15,93,25
6836,40,96,2893,17,93,25
6833,44,95,2897,17,89,25
6833,42,94,2901,17,88,25
6830,44,93,2901,17,90,25
6829,41,91,2904,18,92,25
6825,43,93,2908,18,88,25
6826,38,94,2910,18,89,25
6823,42,91,2914,18,87,25
6822,40,94,2916,18,85,25
6816,44,95,2918,18,84,25
6813,46,94,2922,17,83,25
6812,46,93,2930,17,77,25
6808,48,94,2932,16,77,25
6805,47,94,2935,18,76,25
6804,46,93,2936,18,78,25
6801,48,92,2938,18,78,25
6801,47,91,2941,17,78,25
6799,45,93,2943,16,79,25
6794,50,92,2944,16,79,25
6792,54,89,2946,16,78,25
6790,53,90,2946,17,79,25
6789,52,88,2952,16,78,25
6786,54,88,2952,15,80,25
6783,55,87,2957,16,77,25
6780,55,86,2960,17,77,25
6779,54,90,2959,17,76,25
6778,54,89,2962,16,76,25
6776,52,90,2965,16,76,25
6774,52,87,2970,17,75,25
6772,50,92,2970,17,74,25
6770,51,92,2971,16,75,25
6769,51,92,2975,16,72,25
6767,52,89,2979,15,73,25
6764,55,87,2981,16,71,26
6758,61,86,2984,15,70,26
6755,61,85,2985,16,72,26
6753,61,84,2989,16,71,26
6751,62,86,2991,15,69,26
6751,60,86,2993,14,70,26
6751,60,88,2994,13,68,26
6750,59,81,2998,15,71,26
6748,59,81,3002,14,70,26
6744,60,83,3003,13,71,26
6748,56,83,2999,15,73,26
6748,52,84,3002,14,74,26
6745,52,84,3005,14,74,26
6742,52,84,3008,15,73,26
6741,47,88,3010,15,73,26
6737,48,89,3011,15,74,26
6736,49,88,3013,12,76,26
6735,48,87,3015,12,77,26
6731,47,88,3016,15,77,26
6729,47,90,3018,15,75,26
6725,50,90,3018,15,76,26
6723,47,91,3020,17,76,26
6725,46,91,3021,18,73,26
6724,42,94,3024,18,72,26
6722,43,91,3025,19,74,26
6720,46,92,3026,19,71,26
6716,48,93,3027,17,73,26
6717,45,92,3031,18,71,26
6715,46,91,3033,18,71,26
6715,44,90,3039,17,69,26
6714,43,90,3040,16,71,26
6713,43,90,3041,14,73,26
6712,44,86,3044,13,75,26
6707,48,85,3046,13,75,26
6708,47,85,3047,13,74,26
6706,45,85,3050,14,74,26
6705,47,78,3054,14,76,26
6705,43,76,3059,15,76,26
6701,45,75,3062,15,76,26
6700,45,74,3065,15,75,26
6698,47,70,3068,16,75,26
6695,49,70,3070,16,74,26
6696,49,71,3069,15,74,26
6693,48,73,3071,14,75,26
6693,44,75,3074,12,76,26
6690,44,73,3078,13,76,26
6690,44,71,3079,14,76,26
6688,44,73,3081,14,74,26
6689,43,70,3086,13,73,26
6687,43,70,3089,12,73,26
6684,46,70,3090,11,73,26
6682,45,70,3093,11,73,26
6682,45,65,3096,11,75,26
6677,50,65,3097,12,73,26
6676,49,67,3100,12,70,26
6674,47,64,3103,15,71,26
6672,48,62,3105,15,72,26
6670,46,64,3106,14,74,26
6670,43,68,3106,11,76,26
6669,41,66,3109,11,78,26
6669,40,64,3112,12,77,26
6664,43,62,3114,13,78,26
6663,41,62,3116,15,77,26
6663,35,65,3120,16,75,26
6662,35,68,3119,15,75,26
6661,34,71,3117,15,76,26
6662,33,69,3118,12,80,26
6661,34,67,3121,11,80,26
6658,37,66,3122,9,82,26
6657,37,65,3125,9,81,26
6654,38,66,3128,8,80,26
6652,36,68,3131,8,79,26
6652,34,68,3133,7,80,26
6649,37,64,3139,7,78,26
6646,38,64,3142,6,78,26
6644,40,62,3143,5,80,26
6643,37,61,3147,8,77,27
6641,36,63,3148,9,76,27
6640,34,63,3153,9,74,27
6641,30,65,3157,9,71,27
6639,29,64,3160,10,71,27
6639,25,66,3161,11,71,27
6634,30,63,3164,11,71,27
6634,31,65,3162,10,71,27
6630,34,62,3164,9,74,27
6628,32,64,3166,8,75,27
6627,30,66,3170,7,73,27
6625,30,67,3170,6,75,27
6624,30,66,3173,6,74,27
6624,27,69,3176,6,71,27
6625,23,70,3179,6,70,27
6624,24,66,3181,6,72,27
6621,26,64,3185,6,71,27
6621,26,61,3189,5,71,27
6619,26,60,3191,7,70,27
6618,24,59,3193,5,74,27
6617,22,61,3195,6,72,27
6616,22,56,3201,6,72,27
6616,24,52,3202,5,74,27
6613,23,53,3204,6,74,27
6615,21,55,3202,5,75,27
