[{"nome": "Acre", "pop": 869265, "casos": 214, "mortes": 8, "lon": -70.55, "lat": -8.77}, {"nome": "Alagoas", "pop": 3322820, "casos": 243, "mortes": 20, "lon": -35.73, "lat": -9.71}, {"nome": "Amazonas", "pop": 4080610, "casos": 2479, "mortes": 207, "lon": -61.66, "lat": -3.07}, {"nome": "Amapá", "pop": 829494, "casos": 492, "mortes": 14, "lon": -51.77, "lat": 1.41}, {"nome": "Bahia", "pop": 14812600, "casos": 1645, "mortes": 53, "lon": -38.51, "lat": -12.96}, {"nome": "Ceará", "pop": 9075650, "casos": 4115, "mortes": 233, "lon": -38.54, "lat": -3.71}, {"nome": "Distrito Federal", "pop": 3015268, "casos": 959, "mortes": 25, "lon": -47.86, "lat": -15.83}, {"nome": "Espírito Santo", "pop": 3972390, "casos": 1351, "mortes": 37, "lon": -40.34, "lat": -19.19}, {"nome": "Goiás", "pop": 9895860, "casos": 438, "mortes": 21, "lon": -49.31, "lat": -16.64}, {"nome": "Maranhão", "pop": 7035060, "casos": 1757, "mortes": 76, "lon": -44.3, "lat": -2.55}, {"nome": "Minas Gerais", "pop": 21040700, "casos": 1283, "mortes": 47, "lon": -44.38, "lat": -18.1}, {"nome": "Mato Grosso do Sul", "pop": 2748020, "casos": 175, "mortes": 6, "lon": -54.54, "lat": -20.51}, {"nome": "Mato Grosso", "pop": 3442000, "casos": 205, "mortes": 6, "lon": -55.42, "lat": -12.64}, {"nome": "Pará", "pop": 8513500, "casos": 1195, "mortes": 43, "lon": -52.29, "lat": -5.53}, {"nome": "Paraíba", "pop": 3996500, "casos": 345, "mortes": 40, "lon": -35.55, "lat": -7.06}, {"nome": "Pernambuco", "pop": 9493270, "casos": 3298, "mortes": 282, "lon": -35.07, "lat": -8.28}, {"nome": "Piauí", "pop": 3264530, "casos": 217, "mortes": 15, "lon": -43.68, "lat": -8.28}, {"nome": "Paraná", "pop": 11348900, "casos": 1077, "mortes": 60, "lon": -51.55, "lat": -24.89}, {"nome": "Rio de Janeiro", "pop": 17160000, "casos": 5553, "mortes": 490, "lon": -43.15, "lat": -22.84}, {"nome": "Rio Grande do Norte", "pop": 3479010, "casos": 646, "mortes": 29, "lon": -36.52, "lat": -5.22}, {"nome": "Rondônia", "pop": 1757590, "casos": 223, "mortes": 5, "lon": -62.8, "lat": -11.22}, {"nome": "Roraima", "pop": 576568, "casos": 297, "mortes": 3, "lon": -61.22, "lat": 1.89}, {"nome": "Rio Grande do Sul", "pop": 11329600, "casos": 970, "mortes": 28, "lon": -51.22, "lat": -30.01}, {"nome": "Santa Catarina", "pop": 7075490, "casos": 1115, "mortes": 39, "lon": -49.44, "lat": -27.33}, {"nome": "Sergipe", "pop": 2278310, "casos": 118, "mortes": 7, "lon": -37.07, "lat": -10.9}, {"nome": "São Paulo", "pop": 45538900, "casos": 15914, "mortes": 1134, "lon": -46.64, "lat": -23.55}, {"nome": "Tocantins", "pop": 1555230, "casos": 37, "mortes": 2, "lon": -48.25, "lat": -10.25}]