[{"nome": "Acre", "pop": 869265, "casos": 56257, "mortes": 982, "lon": -70.55, "lat": -8.77}, {"nome": "Alagoas", "pop": 3322820, "casos": 129917, "mortes": 2969, "lon": -35.73, "lat": -9.71}, {"nome": "Amazonas", "pop": 4080610, "casos": 312339, "mortes": 10728, "lon": -61.66, "lat": -3.07}, {"nome": "Amapá", "pop": 829494, "casos": 83062, "mortes": 1135, "lon": -51.77, "lat": 1.41}, {"nome": "Bahia", "pop": 14812600, "casos": 669821, "mortes": 11488, "lon": -38.51, "lat": -12.96}, {"nome": "Ceará", "pop": 9075650, "casos": 420369, "mortes": 11184, "lon": -38.54, "lat": -3.71}, {"nome": "Distrito Federal", "pop": 3015268, "casos": 293782, "mortes": 4805, "lon": -47.86, "lat": -15.83}, {"nome": "Espírito Santo", "pop": 3972390, "casos": 323043, "mortes": 6362, "lon": -40.34, "lat": -19.19}, {"nome": "Goiás", "pop": 9895860, "casos": 391196, "mortes": 8452, "lon": -49.31, "lat": -16.64}, {"nome": "Maranhão", "pop": 7035060, "casos": 218156, "mortes": 4994, "lon": -44.3, "lat": -2.55}, {"nome": "Minas Gerais", "pop": 21040700, "casos": 862502, "mortes": 18135, "lon": -44.38, "lat": -18.1}, {"nome": "Mato Grosso do Sul", "pop": 2748020, "casos": 179144, "mortes": 3270, "lon": -54.54, "lat": -20.51}, {"nome": "Mato Grosso", "pop": 3442000, "casos": 248444, "mortes": 5747, "lon": -55.42, "lat": -12.64}, {"nome": "Pará", "pop": 8513500, "casos": 362488, "mortes": 8519, "lon": -52.29, "lat": -5.53}, {"nome": "Paraíba", "pop": 3996500, "casos": 217121, "mortes": 4433, "lon": -35.55, "lat": -7.06}, {"nome": "Pernambuco", "pop": 9493270, "casos": 295681, "mortes": 10926, "lon": -35.07, "lat": -8.28}, {"nome": "Piauí", "pop": 3264530, "casos": 172525, "mortes": 3305, "lon": -43.68, "lat": -8.28}, {"nome": "Paraná", "pop": 11348900, "casos": 633553, "mortes": 11467, "lon": -51.55, "lat": -24.89}, {"nome": "Rio de Janeiro", "pop": 17160000, "casos": 579118, "mortes": 32771, "lon": -43.15, "lat": -22.84}, {"nome": "Rio Grande do Norte", "pop": 3479010, "casos": 164761, "mortes": 3577, "lon": -36.52, "lat": -5.22}, {"nome": "Rondônia", "pop": 1757590, "casos": 146426, "mortes": 2801, "lon": -62.8, "lat": -11.22}, {"nome": "Roraima", "pop": 576568, "casos": 80923, "mortes": 1083, "lon": -61.22, "lat": 1.89}, {"nome": "Rio Grande do Sul", "pop": 11329600, "casos": 624831, "mortes": 12149, "lon": -51.22, "lat": -30.01}, {"nome": "Santa Catarina", "pop": 7075490, "casos": 657649, "mortes": 7165, "lon": -49.44, "lat": -27.33}, {"nome": "Sergipe", "pop": 2278310, "casos": 149637, "mortes": 2940, "lon": -37.07, "lat": -10.9}, {"nome": "São Paulo", "pop": 45538900, "casos": 2014529, "mortes": 58873, "lon": -46.64, "lat": -23.55}, {"nome": "Tocantins", "pop": 1555230, "casos": 112054, "mortes": 1503, "lon": -48.25, "lat": -10.25}]