[
   {
      "codigo_uf":11,
      "sigla":"RO",
      "nome":"Rondônia",
      "latitude":-11.22,
      "longitude":-62.8,
      "populacao":1757590
   },
   {
      "codigo_uf":12,
      "sigla":"AC",
      "nome":"Acre",
      "latitude":-8.77,
      "longitude":-70.55,
      "populacao":869265
   },
   {
      "codigo_uf":13,
      "sigla":"AM",
      "nome":"Amazonas",
      "latitude":-3.07,
      "longitude":-61.66,
      "populacao":4080610
   },
   {
      "codigo_uf":14,
      "sigla":"RR",
      "nome":"Roraima",
      "latitude":1.89,
      "longitude":-61.22,
      "populacao":576568
   },
   {
      "codigo_uf":15,
      "sigla":"PA",
      "nome":"Pará",
      "latitude":-5.53,
      "longitude":-52.29,
      "populacao":8513500
   },
   {
      "codigo_uf":16,
      "sigla":"AP",
      "nome":"Amapá",
      "latitude":1.41,
      "longitude":-51.77,
      "populacao":829494
   },
   {
      "codigo_uf":17,
      "sigla":"TO",
      "nome":"Tocantins",
      "latitude":-10.25,
      "longitude":-48.25,
      "populacao":1555230
   },
   {
      "codigo_uf":21,
      "sigla":"MA",
      "nome":"Maranhão",
      "latitude":-2.55,
      "longitude":-44.3,
      "populacao":7035060
   },
   {
      "codigo_uf":22,
      "sigla":"PI",
      "nome":"Piauí",
      "latitude":-8.28,
      "longitude":-43.68,
      "populacao":3264530
   },
   {
      "codigo_uf":23,
      "sigla":"CE",
      "nome":"Ceará",
      "latitude":-3.71,
      "longitude":-38.54,
      "populacao":9075650
   },
   {
      "codigo_uf":24,
      "sigla":"RN",
      "nome":"Rio Grande do Norte",
      "latitude":-5.22,
      "longitude":-36.52,
      "populacao":3479010
   },
   {
      "codigo_uf":25,
      "sigla":"PB",
      "nome":"Paraíba",
      "latitude":-7.06,
      "longitude":-35.55,
      "populacao":3996500
   },
   {
      "codigo_uf":26,
      "sigla":"PE",
      "nome":"Pernambuco",
      "latitude":-8.28,
      "longitude":-35.07,
      "populacao":9493270
   },
   {
      "codigo_uf":27,
      "sigla":"AL",
      "nome":"Alagoas",
      "latitude":-9.71,
      "longitude":-35.73,
      "populacao":3322820
   },
   {
      "codigo_uf":28,
      "sigla":"SE",
      "nome":"Sergipe",
      "latitude":-10.9,
      "longitude":-37.07,
      "populacao":2278310
   },
   {
      "codigo_uf":29,
      "sigla":"BA",
      "nome":"Bahia",
      "latitude":-12.96,
      "longitude":-38.51,
      "populacao":14812600
   },
   {
      "codigo_uf":31,
      "sigla":"MG",
      "nome":"Minas Gerais",
      "latitude":-18.1,
      "longitude":-44.38,
      "populacao":21040700
   },
   {
      "codigo_uf":32,
      "sigla":"ES",
      "nome":"Espírito Santo",
      "latitude":-19.19,
      "longitude":-40.34,
      "populacao":3972390
   },
   {
      "codigo_uf":33,
      "sigla":"RJ",
      "nome":"Rio de Janeiro",
      "latitude":-22.84,
      "longitude":-43.15,
      "populacao":17160000
   },
   {
      "codigo_uf":35,
      "sigla":"SP",
      "nome":"São Paulo",
      "latitude":-23.55,
      "longitude":-46.64,
      "populacao":45538900
   },
   {
      "codigo_uf":41,
      "sigla":"PR",
      "nome":"Paraná",
      "latitude":-24.89,
      "longitude":-51.55,
      "populacao":11348900
   },
   {
      "codigo_uf":42,
      "sigla":"SC",
      "nome":"Santa Catarina",
      "latitude":-27.33,
      "longitude":-49.44,
      "populacao":7075490
   },
   {
      "codigo_uf":43,
      "sigla":"RS",
      "nome":"Rio Grande do Sul",
      "latitude":-30.01,
      "longitude":-51.22,
      "populacao":11329600
   },
   {
      "codigo_uf":50,
      "sigla":"MS",
      "nome":"Mato Grosso do Sul",
      "latitude":-20.51,
      "longitude":-54.54,
      "populacao":2748020
   },
   {
      "codigo_uf":51,
      "sigla":"MT",
      "nome":"Mato Grosso",
      "latitude":-12.64,
      "longitude":-55.42,
      "populacao":3442000
   },
   {
      "codigo_uf":52,
      "sigla":"GO",
      "nome":"Goiás",
      "latitude":-16.64,
      "longitude":-49.31,
      "populacao":9895860
   },
   {
      "codigo_uf":53,
      "sigla":"DF",
      "nome":"Distrito Federal",
      "latitude":-15.83,
      "longitude":-47.86,
      "populacao":3015268
   }
]